Ticker,Company,StartDate,EndDate,Simple Moving Average,Relative Strength Index,Moving Average Convergence Divergence,Moving Average Convergence Divergence Signal,Bollinger Upper Band,Bollinger Lower Band,On-Balance Volume,Average True Range,Average Directional Index,Reddit Sentiment Score,Avg Sentiment,Sentiment Std,Number of Mentions,Max Absolute Sentiment,Output
JNJ,Johnson & Johnson,2016-04-30,2016-05-30,87.83275758494501,66.41520190490293,0.5723820865102626,0.5212202942493492,89.6929736985513,85.97254147133872,1613150.0,0.9035184095415234,22.7930071419461,0.0,0.0,0.0,0.0,0.0,1
JNJ,Johnson & Johnson,2016-05-15,2016-06-14,88.74157102758235,60.63954873029554,0.5007778951913829,0.4309957827801953,90.16296803738904,87.32017401777563,-12736207.31707317,0.9027313519970898,21.490786261781693,0.0,0.0,0.0,0.0,0.0,1
JNJ,Johnson & Johnson,2016-05-30,2016-06-29,89.80433177947998,63.49957198411825,0.394778103617994,0.3248596703205441,91.8829736972906,87.72568986166935,-13344185.365853658,0.8437979820023609,17.764654359289544,7.8176,0.9772,0.0,1.0,0.9772,1
JNJ,Johnson & Johnson,2016-06-14,2016-07-14,91.49759968844327,70.99996600506383,0.5321655369197098,0.3927726465222884,94.4984685729688,88.49673080391779,10526658.536585366,0.966769862645958,16.716835677433462,5.8632,0.9772,0.0,1.0,0.9772,1
JNJ,Johnson & Johnson,2016-06-29,2016-07-29,93.994307028729,75.82104301676883,1.0637998714749093,0.911191824014392,97.5800445471219,90.40856951033608,54179869.047619045,0.9893069874316796,11.42415069656839,0.4939,0.4939,,1.0,0.4939,0
JNJ,Johnson & Johnson,2016-07-14,2016-08-13,96.40753051439924,70.62197000096967,0.7429031477370678,0.6762379219853756,99.30232382422894,93.51273720456948,31908223.25581396,0.9548320277256191,10.02514540958859,1.321,0.6605,0.2356079794913576,2.0,0.8271,0
JNJ,Johnson & Johnson,2016-07-29,2016-08-28,97.29939656464953,51.13515380848508,0.4213838184219045,0.4644474040489703,99.31987417777984,95.27891895151916,20451047.61904762,0.8833613352549418,18.99262215095113,0.8271,0.8271,,1.0,0.8271,0
JNJ,Johnson & Johnson,2016-08-13,2016-09-12,96.38998189405962,35.48479830564377,-0.2000362475525013,-0.1332433413392383,98.65745939966388,94.12250438845534,-23951948.78048781,0.8220577380621681,18.951992350305016,-1.8519,-0.37038,0.0728510947069431,2.0,0.5007,0
JNJ,Johnson & Johnson,2016-08-28,2016-09-27,94.8306444341486,36.349757784728666,-0.6275103427963128,-0.5657970869187456,96.62508589388158,93.03620297441566,-42575924.3902439,0.7982132619041529,17.216290007681756,-1.8519,-0.37038,0.0728510947069431,2.0,0.5007,0
JNJ,Johnson & Johnson,2016-09-12,2016-10-12,94.04781792380594,46.46946498165305,-0.3400455605075083,-0.3233297687434078,95.1748056894843,92.92083015812756,-24866209.756097563,0.9248763665135882,20.68022962873448,279.4090999999996,0.8390663663663652,0.3648303014627094,16.0,0.9983,1
JNJ,Johnson & Johnson,2016-09-27,2016-10-27,93.67614061106804,44.01435656641033,-0.275852815752499,-0.2084787800842291,95.2866267059298,92.06565451620632,-4232635.714285715,0.9380914856689504,40.4885866731795,365.2387999999972,0.8634486997635867,0.3488242699010521,17.0,0.9983,1
JNJ,Johnson & Johnson,2016-10-12,2016-11-11,92.84234541320802,45.388581322762114,-0.3147318225294837,-0.2802551595471219,95.23061154687235,90.45407927954366,17526959.09090909,1.112470248326044,48.86384892283617,127.66349999999994,0.9973710937499995,5.346622121511973e-05,3.0,0.9975,0
JNJ,Johnson & Johnson,2016-10-27,2016-11-26,92.04034158388772,46.11005826755509,-0.3390678070331818,-0.318123241690408,94.9889537340063,89.09172943376916,28592527.906976745,1.1768605141216932,48.79317780498682,59.838800000000056,0.9973133333333344,5.0309774858668726e-05,3.0,0.9975,1
JNJ,Johnson & Johnson,2016-11-11,2016-12-11,91.6045287422512,43.758605116975765,-0.3841208286080862,-0.3116619686294609,94.6738763733279,88.53518111117447,769057.1428571428,1.1758110555418648,49.08964296738724,14.959499999999997,0.9972999999999996,3.447570026172235e-16,1.0,0.9973,1
JNJ,Johnson & Johnson,2016-11-26,2016-12-26,90.96843391765248,47.16974686906766,-0.0921240656754349,-0.1023428204876027,94.11800236380176,87.81886547150317,-15621980.48780488,1.186139043770329,31.756611987058825,7.729200000000002,0.8588000000000002,0.0,1.0,0.8588,0
JNJ,Johnson & Johnson,2016-12-11,2017-01-10,90.85002855300904,53.368006529742544,-0.3774886558185783,-0.4011895274406459,93.68920512528082,88.01085198073727,-33682443.58974359,1.0764086282112983,14.76864738389614,33.6288,0.8849684210526315,0.2200131336439212,7.0,0.9997,0
JNJ,Johnson & Johnson,2016-12-26,2017-01-25,91.68699138641357,55.45636273404601,0.2384897346963234,0.2271015234452208,93.60437314365096,89.76960962917619,-22325584.615384616,0.9908193921211604,23.99135454062341,27.400800000000004,0.8838967741935485,0.2424879165152646,6.0,0.9997,1
JNJ,Johnson & Johnson,2017-01-10,2017-02-09,91.55862275986443,41.78323550396317,-0.1430757295213386,-0.0993312439597083,93.151931134818,89.9653143849109,-33133502.5,1.079390248886501,35.00027160257001,23.5851,0.8735222222222222,0.3171463315900495,5.0,0.995,1
JNJ,Johnson & Johnson,2017-01-25,2017-02-24,91.06169166564942,53.505496200832205,-0.1178620810090169,-0.1717240576713104,93.38754215607538,88.73584117522346,-32271255.0,0.8784622004328974,37.19167907957684,23.5851,0.9071192307692308,0.270017620194284,5.0,0.995,1
JNJ,Johnson & Johnson,2017-02-09,2017-03-11,92.717628843888,74.39429356671704,0.375072154945836,0.1879932913527001,96.95069342310777,88.48456426466824,-11986159.523809524,1.0084182147780725,14.728113775352282,0.0,0.0,0.0,0.0,0.0,0
JNJ,Johnson & Johnson,2017-02-24,2017-03-26,96.47174088851264,86.70140852809246,1.3428419689563809,1.130204821745961,101.84992908494048,91.0935526920848,48139407.14285714,1.0437148171013468,8.61771662245636,0.0,0.0,0.0,0.0,0.0,0
JNJ,Johnson & Johnson,2017-03-11,2017-04-10,99.95190474770284,65.98149231185523,1.459539419317479,1.370349434001565,103.78639755807497,96.11741193733076,55009397.56097561,1.0586034392643358,12.37829603033304,0.0,0.0,0.0,0.0,0.0,0
JNJ,Johnson & Johnson,2017-03-26,2017-04-25,100.7529321497137,45.57734851577828,0.2686443246925394,0.3005141321020529,103.12770463969632,98.37815965973108,-7000539.024390244,1.0098077838282002,32.62588537489701,0.0,0.0,0.0,0.0,0.0,1
JNJ,Johnson & Johnson,2017-04-10,2017-05-10,99.86599332636052,36.55886248690338,-0.335887836941593,-0.2917554467769592,101.92910259268255,97.80288406003848,-37487536.585365854,0.9243599743747966,29.13369018572843,0.0,0.0,0.0,0.0,0.0,1
JNJ,Johnson & Johnson,2017-04-25,2017-05-25,99.35519082442576,52.6829997424276,-0.1635085272739108,-0.2040649720961175,101.56065361131576,97.14972803753577,-19249719.04761905,0.8561539478228142,16.826101028566733,15.837099999999998,0.98981875,0.0122143204886723,2.0,0.9955,1
JNJ,Johnson & Johnson,2017-05-10,2017-06-09,100.28413374527643,67.33987719564576,0.2874603221824343,0.1723850601681938,103.18870315141734,97.37956433913548,6536461.904761905,0.9109363722429148,18.463576074470705,344.74160000000023,0.9292226415094346,0.1421068042364645,4.0,0.9955,1
JNJ,Johnson & Johnson,2017-05-25,2017-06-24,102.80863347053528,81.03883132216168,0.8518945805961211,0.6810454782744412,106.54771447070534,99.06955247036524,35985179.069767445,0.8542910477955972,11.609297526171927,332.7785000000003,0.9295488826815652,0.1410543651728734,2.0,0.9788,0
JNJ,Johnson & Johnson,2017-06-09,2017-07-09,105.68324709805576,78.38250735176031,1.288250737252641,1.1580761585332295,109.36586246926332,102.00063172684816,68230787.80487806,1.018512054163734,8.163133455513455,0.0,0.0,0.0,0.0,0.0,1
JNJ,Johnson & Johnson,2017-06-24,2017-07-24,107.54995444161553,63.21441380924974,0.7066555641107876,0.6606862801100684,110.60408741352036,104.49582146971066,47072805.0,1.0450548726979572,15.690030276001128,0.0,0.0,0.0,0.0,0.0,0
JNJ,Johnson & Johnson,2017-07-09,2017-08-08,107.59712883342397,47.964435212995646,0.1921384752687033,0.2002441653429535,110.11490208470886,105.07935558213909,32423980.48780488,1.170197323891463,15.781494478239733,-1.9874,-0.1987399999999999,0.2281937393239934,4.0,0.4678,0
JNJ,Johnson & Johnson,2017-07-24,2017-08-23,107.33304129513829,51.11019572208711,-0.4258139316801785,-0.4168094745326142,109.55702521506396,105.1090573752126,-23979880.48780488,1.2234462149462009,9.716896615208954,24.094500000000007,0.4724411764705883,0.4147792652370514,16.0,0.9569,0
JNJ,Johnson & Johnson,2017-08-08,2017-09-07,107.371468651813,50.33360585414604,0.1681065595008616,0.1710782823688138,109.02411868942202,105.718818614204,-7912245.238095238,1.2331299453892424,20.11472112333952,27.1649,0.590541304347826,0.2621499084078818,12.0,0.9569,1
JNJ,Johnson & Johnson,2017-08-23,2017-09-22,107.39203228950502,52.82361691794653,0.0214340988307595,-0.0049667989680359,108.89264082424164,105.89142375476835,-12538200.0,1.271094393894845,47.42954930120392,-3.7986,-0.6330999999999999,1.2161883888976234e-16,1.0,0.6331,1
JNJ,Johnson & Johnson,2017-09-07,2017-10-07,107.42665487925213,48.42736894454978,0.078863712324992,0.0881373675813105,109.6502607168526,105.20304904165164,7028062.790697674,1.220386529603762,32.95170288876191,48.83260000000005,0.7876225806451621,0.5513004207398949,2.0,0.9981,1
JNJ,Johnson & Johnson,2017-09-22,2017-10-22,107.8137841100278,59.40151895444153,0.2324684443827613,0.1226969142455803,111.18985031746028,104.43771790259534,11395542.857142856,1.201062853045827,25.947094628495364,49.99560000000003,0.892778571428572,0.3831784586440516,2.0,0.9981,0
JNJ,Johnson & Johnson,2017-10-07,2017-11-06,109.71976941979447,65.05536644436951,0.6628483772953088,0.5060740181759813,114.75797342536356,104.68156541422545,6383292.857142857,1.463570176783829,20.13748850010154,16.48079999999999,0.7847999999999996,0.527597812732388,2.0,0.995,1
JNJ,Johnson & Johnson,2017-10-22,2017-11-21,112.715187022997,63.026707825023394,0.9692576778800516,0.8973745883758313,117.34104722238888,108.0893268236051,15347961.904761905,1.2751020934505597,14.680908499208789,38.12329999999999,0.7624659999999999,0.3663361173310986,8.0,0.995,1
JNJ,Johnson & Johnson,2017-11-06,2017-12-06,113.74539396112615,48.23019598401509,0.7831307976877243,0.7585291784727474,116.09030732410896,111.40048059814336,12486743.902439024,1.3855904631811495,14.403245381082815,21.0428,0.6376606060606059,0.398947094659331,8.0,0.9938,1
JNJ,Johnson & Johnson,2017-11-21,2017-12-21,113.69818151722784,49.980605671954905,-0.3608934771074651,-0.3982034599005716,115.94242156179534,111.45394147266032,-21283161.904761903,1.443138747035349,19.41555916463928,2.6379,0.8793000000000001,0.043128065108465,2.0,0.9042,1
JNJ,Johnson & Johnson,2017-12-06,2018-01-05,114.396767616272,54.621005745358566,0.1837556246686263,0.1574834597881508,116.66255090441096,112.13098432813295,-4869121.951219512,1.2380804356173676,44.22674940045376,1.8084,0.9042,0.0,1.0,0.9042,0
JNJ,Johnson & Johnson,2017-12-21,2018-01-20,115.46220859345937,61.00132665896641,0.5849319147111188,0.4789571018534109,117.9172515578896,113.00716562902912,7026282.5,1.2795808690551946,56.07074623727923,0.0,0.0,0.0,0.0,0.0,0
JNJ,Johnson & Johnson,2018-01-05,2018-02-04,116.57360016959052,57.04345135208636,0.2764031134284394,0.2504741978774395,120.24330140575718,112.9038989334239,11281867.5,1.3976922884695355,43.08626990387301,5.913,0.9855,0.0,1.0,0.9855,0
JNJ,Johnson & Johnson,2018-01-20,2018-02-19,115.88849676132202,49.638481634153216,-0.3591116181108144,-0.1139960821298482,123.38793600685756,108.38905751578648,10592456.41025641,1.799121230993035,44.54964312948356,5.913,0.9855,0.0,1.0,0.9855,0
JNJ,Johnson & Johnson,2018-02-04,2018-03-06,111.81133742559524,38.93837631879168,-0.9669091585183128,-0.7585686362888445,120.280393207326,103.34228164386448,25892905.0,2.275435629524564,57.60789137733654,0.0,0.0,0.0,0.0,0.0,1
JNJ,Johnson & Johnson,2018-02-19,2018-03-21,108.10159953724256,44.25191697947253,-2.0223729362931344,-1.9355633190153203,113.26992035766315,102.93327871682196,-17602980.48780488,2.547080186013773,38.92248184009632,0.0,0.0,0.0,0.0,0.0,0
JNJ,Johnson & Johnson,2018-03-06,2018-04-05,107.25394450100984,49.61307824661743,0.0357161417248851,0.0802971357728231,110.83403901637976,103.67384998563998,19716365.85365854,3.161358060244737,20.012337170202485,0.0,0.0,0.0,0.0,0.0,0
JNJ,Johnson & Johnson,2018-03-21,2018-04-20,106.89423974078632,49.87822813778784,-0.059140234732193,-0.0503137283916129,110.9339955685271,102.8544839130456,13081188.095238095,2.1558203763943857,17.09485982786805,0.9965,0.9965,,1.0,0.9965,0
JNJ,Johnson & Johnson,2018-04-05,2018-05-05,106.12594164212544,43.536620505059545,0.0067338302849961,0.0685270559141678,109.83500475036809,102.41687853388282,31184248.837209303,2.1406449932590714,29.781825815332443,0.9965,0.9965,,1.0,0.9965,0
JNJ,Johnson & Johnson,2018-04-20,2018-05-20,104.9252017643141,42.86565484173319,-0.616875077062247,-0.5353945073059891,108.34283670825724,101.50756682037088,-2283978.571428572,2.07334580833988,26.2009547021679,0.0,0.0,0.0,0.0,0.0,0
JNJ,Johnson & Johnson,2018-05-05,2018-06-04,103.40601508400655,38.80374548177974,-0.7737457098980981,-0.6639747913307601,106.681217821932,100.13081234608116,-16832029.268292684,1.7814595329477692,18.625691162409154,0.0,0.0,0.0,0.0,0.0,1
JNJ,Johnson & Johnson,2018-05-20,2018-06-19,101.93042276555842,45.51225869284991,-0.4041164950962125,-0.3696756406904217,104.53409240393852,99.32675312717832,-8587790.24390244,1.549214048146695,23.234024481076634,0.0,0.0,0.0,0.0,0.0,1
JNJ,Johnson & Johnson,2018-06-04,2018-07-04,101.33973158056084,47.44686310402356,-0.0554844571056568,-0.0463579858416884,103.35918541626285,99.32027774485888,-3803229.268292682,1.4244501431836063,23.66824420108319,0.0,0.0,0.0,0.0,0.0,1
JNJ,Johnson & Johnson,2018-06-19,2018-07-19,101.68224995353006,56.56737322819395,0.1009448670754003,0.0211415297540187,103.93882677361395,99.42567313344615,2774200.0,1.3910736741861085,32.55831100910209,0.0,0.0,0.0,0.0,0.0,1
JNJ,Johnson & Johnson,2018-07-04,2018-08-03,103.2271941502889,59.11113716713908,0.5610020662492191,0.4201993925830674,106.58907279570614,99.86531550487166,18445202.3255814,1.427735697555922,23.924357774532865,0.0,0.0,0.0,0.0,0.0,1
JNJ,Johnson & Johnson,2018-07-19,2018-08-18,105.86888772646586,63.76462219670327,0.8396699621349791,0.7229933672177994,109.92158194068725,101.81619351224448,10933095.34883721,1.480864209048389,22.9764099917288,44.75860000000002,0.7717000000000004,1.119919479684316e-16,1.0,0.7717,1
JNJ,Johnson & Johnson,2018-08-03,2018-09-02,108.51556673464567,63.43128869186961,0.9292955999534332,0.7929577875840372,112.2673578973544,104.76377557193692,31330057.14285714,1.4532110778101572,34.12255703756946,47.84540000000003,0.7717000000000005,2.2385724402063723e-16,1.0,0.7717,1
JNJ,Johnson & Johnson,2018-08-18,2018-09-17,110.5622402537953,66.26520439357036,1.1665921879218917,1.0053581896254846,114.1920073589358,106.93247314865476,39049658.53658537,1.3481921628475524,47.37394930067915,0.0,0.0,0.0,0.0,0.0,0
JNJ,Johnson & Johnson,2018-09-02,2018-10-02,113.33285577947444,68.6243266197086,0.8261472147125578,0.6911803083791626,117.36135296483262,109.30435859411628,19477726.82926829,1.284996643152549,40.91961256838575,0.0,0.0,0.0,0.0,0.0,1
JNJ,Johnson & Johnson,2018-09-17,2018-10-17,115.59181874015115,57.66981012642055,0.3069829178225095,0.3094588374612219,119.07626282537294,112.10737465492934,13949207.31707317,1.4644653182584544,31.04337095498891,3.9944,0.9986,0.0,1.0,0.9986,1
JNJ,Johnson & Johnson,2018-10-02,2018-11-01,115.77653506735098,49.74797630801696,0.5914142115388198,0.5805209323798827,118.94540805265152,112.60766208205044,37851483.333333336,1.6655563532226747,17.583287226070155,2.9958,0.9986,0.0,1.0,0.9986,1
JNJ,Johnson & Johnson,2018-10-17,2018-11-16,115.86982104492188,54.10023214229837,0.0501833837490146,-0.0493627071884494,119.85954907839994,111.8800930114438,14121054.545454543,1.7988672985525065,15.290292158683748,0.0,0.0,0.0,0.0,0.0,0
JNJ,Johnson & Johnson,2018-11-01,2018-12-01,117.57894660631814,61.88153422762087,0.2771987198713632,0.1717209633348509,121.94589257696778,113.21200063566852,19953183.72093024,1.995336327278861,12.328822730613824,0.0,0.0,0.0,0.0,0.0,0
JNJ,Johnson & Johnson,2018-11-16,2018-12-16,120.07066981575709,62.614344220436,0.6904404926898302,0.5960091270871503,124.19120326256096,115.95013636895315,21862536.58536585,2.192798046145452,16.036956975045012,-2628.3956000001417,-0.7242754477817971,0.3874227925297553,52.0,0.9598,0
JNJ,Johnson & Johnson,2018-12-01,2018-12-31,119.80864715576172,44.13624886595241,-0.1024107263565146,0.1888740333943267,127.48479935279238,112.13249495873109,2043764.1025641025,2.423609659787406,37.35166165178887,-2618.5833000001403,-0.7257714246120123,0.3863557337024477,53.0,0.9598,1
JNJ,Johnson & Johnson,2018-12-16,2019-01-15,114.35997165880704,36.60233163251735,-1.675982072958295,-1.3577086779769796,126.95443461595416,101.76550870165995,-47735628.94736842,2.8755621221682337,61.37901572419498,0.0,0.0,0.0,0.0,0.0,1
JNJ,Johnson & Johnson,2018-12-31,2019-01-30,109.10857851128829,41.968279310251,-2.2689963537392908,-2.0865846879743013,116.12567115099542,102.09148587158118,-83167947.36842105,2.844483067863437,47.65238185672272,286.14940000000007,0.9570214046822744,0.0980226833597907,4.0,0.9997,1
JNJ,Johnson & Johnson,2019-01-15,2019-02-14,108.5082644144694,57.40595381507901,0.1504724759503755,0.0618714614156274,111.45761924048358,105.55890958845524,18316532.5,2.504893577018517,32.45211896471012,426.3584999999978,0.9646119909502212,0.0857643360017086,9.0,0.9997,1
JNJ,Johnson & Johnson,2019-01-30,2019-03-01,110.33613558682528,63.21548178293308,0.5148534629681485,0.3802364743726597,113.83058269973944,106.84168847391112,18594417.073170733,1.767685066990642,24.43957894091715,206.77809999999968,0.8140870078740144,0.4095973478673227,11.0,0.9991,1
JNJ,Johnson & Johnson,2019-02-14,2019-03-16,113.04694930366848,69.7991029808202,0.905465963814554,0.755394354081005,116.7831136279099,109.3107849794271,44568052.38095238,1.537142349615007,21.6939291924216,200.7924999999992,0.7095141342756153,0.5561962183848548,11.0,0.9989,0
JNJ,Johnson & Johnson,2019-03-01,2019-03-31,115.38212371494456,64.2489026444437,0.831869622946697,0.7545849877745215,118.19481831515836,112.5694291147308,40597747.61904762,1.442410794028893,21.330661947997072,330.3294999999989,0.8535645994832013,0.473396175498617,14.0,0.9982,1
JNJ,Johnson & Johnson,2019-03-16,2019-04-15,116.47561985362658,54.12269734426166,0.5349656471061202,0.5363568647812963,118.43050818892036,114.5207315183328,18882514.63414634,1.2817860640890768,19.73500507167152,381.4290999999994,0.6762927304964529,0.4868668615632469,26.0,0.9996,1
JNJ,Johnson & Johnson,2019-03-31,2019-04-30,116.37663744146174,48.67175171018912,-0.0928327092622472,-0.1038208339836484,118.49696492161682,114.25630996130668,7247770.731707317,1.3524479929463724,18.142961232530915,304.04659999999967,0.6482869936034108,0.4600083427584714,18.0,0.9996,0
JNJ,Johnson & Johnson,2019-04-15,2019-05-15,116.73137078718705,54.43999793596596,0.2369003835166018,0.1858119434033866,119.68675988392556,113.77598169044852,11623582.92682927,1.4911133426753342,15.432122689541306,169.9853000000006,0.9825739884393098,0.007722864327338,2.0,0.9925,1
JNJ,Johnson & Johnson,2019-04-30,2019-05-30,117.5333200454712,52.36603432762073,-0.0292101742262821,-0.0189372005557978,120.69478573047635,114.371854360466,4315202.439024391,1.6206072235018285,16.905690239052273,242.5793999999997,0.9550370078740148,0.2378522050167457,4.0,0.9998,1
JNJ,Johnson & Johnson,2019-05-15,2019-06-14,117.02364948106847,45.59190890396863,0.157440219683123,0.1708416029237754,120.7712491009233,113.27604986121366,24516502.38095238,1.948287858254819,16.573077845310998,140.9792999999994,0.2512999999999989,0.5656993500147784,9.0,0.9998,0
JNJ,Johnson & Johnson,2019-05-30,2019-06-29,116.77132239341738,52.20021363695365,-0.1962856264951821,-0.2783772377765743,122.05432858348333,111.4883162033514,8070151.162790698,1.871171947042,16.40271607723199,1678.879300000021,0.7968102990033322,0.4410404495528085,13.0,0.9979,0
JNJ,Johnson & Johnson,2019-06-14,2019-07-14,118.20638566450636,58.05900725499879,0.5049936726828851,0.435697601613687,122.98673605169476,113.42603527731806,23549770.73170732,1.808063932614193,35.76896194008203,1928.751500000028,0.981053662258407,0.1142223936026622,8.0,0.9979,0
JNJ,Johnson & Johnson,2019-06-29,2019-07-29,118.5773422761397,47.27167949646076,0.6466232972030129,0.7824319754396675,123.8281343146256,113.32655023765382,28760246.341463413,1.7471978444943936,60.334342649453696,232.35230000000124,0.8268765124555204,0.3335876643455328,8.0,0.9747,0
JNJ,Johnson & Johnson,2019-07-14,2019-08-13,115.42592313939878,36.85616052131146,-0.8700849995783723,-0.7087341207586283,121.68080312898388,109.1710431498136,-11274304.87804878,1.624760176589747,26.31421178590734,48.9590000000001,0.1966224899598397,0.7673448542204565,10.0,0.996,1
JNJ,Johnson & Johnson,2019-07-29,2019-08-28,112.30849031968552,40.74711027674584,-1.0254580472348704,-0.9387550716946904,116.17767413439852,108.4393065049725,-14680121.951219512,1.7005378305216656,22.934348879172937,70.67210000000011,0.1573988864142541,0.63775718871852,15.0,0.996,0
JNJ,Johnson & Johnson,2019-08-13,2019-09-12,111.34255546901537,47.312562063987365,-0.5712225357795953,-0.5242106175518847,113.48143410417435,109.2036768338564,-10061095.23809524,1.719273131912924,37.91195986566315,99.17619999999997,0.3209585760517798,0.4974122607150472,15.0,0.9923,1
JNJ,Johnson & Johnson,2019-08-28,2019-09-27,111.06143714586894,50.353349208789936,-0.2970525045675501,-0.3079492238056731,113.30422061332848,108.81865367840942,5297583.720930233,1.7487826758709275,31.03805620330001,60.875800000000034,0.8454972222222227,0.3073659542814236,5.0,0.9938,0
JNJ,Johnson & Johnson,2019-09-12,2019-10-12,111.30215833981832,52.37578332918436,-0.2770288416445249,-0.2969739657344227,113.57850056287418,109.02581611676244,10730748.837209305,1.7619428582456735,30.870144355296915,24.72020000000001,0.9888080000000002,0.0070824854394484,3.0,0.9938,1
JNJ,Johnson & Johnson,2019-09-27,2019-10-27,111.98139791074009,53.72639433563652,0.2694222214065545,0.2586250819531723,114.84814964907724,109.1146461724029,10351873.80952381,1.8017733883487428,28.43137974996066,483.3633000000002,0.8724969314079426,0.398336997060851,18.0,0.9998,1
JNJ,Johnson & Johnson,2019-10-12,2019-11-11,112.21450122335683,51.30007406103855,0.0299497556973872,0.0304918687815033,115.8841039533075,108.54489849340617,16788497.61904762,1.96313167903597,28.209575256317034,919.4421000000058,0.9058542857142914,0.312766726185403,22.0,0.9999,1
JNJ,Johnson & Johnson,2019-10-27,2019-11-26,112.37433547973632,56.80459167750696,0.4497770634227337,0.357446798554921,116.33837537476948,108.4102955847032,25982397.61904762,2.104063625431319,19.21449084738044,521.0746000000053,0.9338254480286832,0.1971217076066535,7.0,0.9999,1
JNJ,Johnson & Johnson,2019-11-11,2019-12-11,114.11787357330324,69.97667139733305,0.6150978911077277,0.4385229399884939,118.6232842472195,109.61246289938693,32331978.04878049,2.0101515610509586,12.337077290408825,674.0318999999992,0.9839881751824804,0.1077443638654226,11.0,0.9997,1
JNJ,Johnson & Johnson,2019-11-26,2019-12-26,117.60049206126818,81.64400516300832,1.3926339387011015,1.1542416400367237,122.60718859873003,112.59379552380632,11006692.68292683,1.5838216014093969,16.155220499208582,1004.4638999999942,0.9838040156709053,0.0953404716932012,14.0,0.9997,1
JNJ,Johnson & Johnson,2019-12-11,2020-01-10,121.42497279427268,82.10386430269135,1.5372114175670673,1.3478031383423257,126.1025653780184,116.74738021052696,21634968.292682927,1.434069509685829,37.60860913977756,414.46909999999735,0.9798323877068496,0.0741044396577341,7.0,0.9983,1
JNJ,Johnson & Johnson,2019-12-26,2020-01-25,124.56655696687244,72.2089691933448,1.1012049310376042,0.960263268269317,128.0289627401472,121.1041511935977,42668602.5,1.452485783167936,37.26029534707893,223.8792999999994,0.9950191111111084,0.0668504897614759,5.0,0.9999,1
JNJ,Johnson & Johnson,2020-01-10,2020-02-09,126.58611054193403,68.21130411768797,0.9543568907339984,0.8073364085044293,129.5552240558806,123.61699702798754,48936820.0,1.498513747540159,30.30669251405265,255.88419999999945,0.9995476562499978,0.0012190619887245,5.0,0.9999,0
JNJ,Johnson & Johnson,2020-01-25,2020-02-24,128.49068130493166,65.53720555583901,0.5245236317108267,0.4459310060514096,131.8214403052062,125.15992230465704,18357379.487179488,1.4653449555270586,24.97895849949347,43.74650000000002,0.9307765957446812,0.182823640623328,6.0,0.9988,0
JNJ,Johnson & Johnson,2020-02-09,2020-03-10,128.77127046130954,48.31387354684129,0.24432754259679,0.3972184011908014,134.0276255711252,123.5149153514938,17771992.5,1.8347165805458416,22.025750734811616,31.5153,0.5002428571428571,0.3527223164026898,6.0,0.9715,1
JNJ,Johnson & Johnson,2020-02-24,2020-03-25,124.44221132451835,37.37019244560802,-1.2622752978022715,-0.8518906450786611,133.92914070749683,114.95528194153994,-46820465.853658535,3.246375784859256,41.9603436467968,6095.837199999512,0.975333951999922,0.1192637328635069,10.0,0.9954,1
JNJ,Johnson & Johnson,2020-03-10,2020-04-09,117.3046000936757,41.20775702591549,-2.4945648682102304,-2.28392379225578,130.35934827248366,104.24985191486772,-78750047.61904761,4.514024621672826,46.94449201470613,6171.25449999948,0.6970018635644318,0.629849219965761,34.0,0.9979,1
JNJ,Johnson & Johnson,2020-03-25,2020-04-24,115.02125811576845,55.03350153603596,-1.134692045761303,-1.4179784838578524,130.78951481232835,99.2530014192085,-72067260.46511628,5.703194727444488,39.15670851572517,1826.119599999914,0.401786490649046,0.7818958399107556,51.0,0.9999,0
JNJ,Johnson & Johnson,2020-04-09,2020-05-09,121.14680927594502,61.93816726551014,0.3832586075412669,0.097770115397524,135.14489749863102,107.14872105325904,-41676920.93023256,5.880553706037934,28.90001566144695,2462.4359999999983,0.9019912087912082,0.2590682553434849,52.0,0.9999,0
JNJ,Johnson & Johnson,2020-04-24,2020-05-24,128.29363045070482,56.53556211672607,3.804130862417744,3.6108632319650944,136.9416902496694,119.64557065174026,17343804.76190476,4.190393239411801,33.04916598519874,752.5711000000094,0.8380524498886519,0.3109278251315521,47.0,0.9998,0
JNJ,Johnson & Johnson,2020-05-09,2020-06-08,129.59646063305087,46.41168920275329,1.0193340566558444,1.0042764358299314,133.39148109782334,125.80144016827828,-3738450.0,3.033451744631958,26.52411737396213,-144.71819999999943,-0.3462157894736828,0.84438533734756,25.0,0.9984,0
JNJ,Johnson & Johnson,2020-05-24,2020-06-23,128.4030002593994,43.359966218689365,-1.0676383402405782,-0.957329085947488,131.65022516247333,125.15577535632552,-42728856.09756097,2.512043048068421,25.36586155844891,-128.8815999999993,-0.3190138613861369,0.8920937853955605,8.0,0.9984,1
JNJ,Johnson & Johnson,2020-06-08,2020-07-08,126.86341022309804,43.59522686846684,-0.641551322378134,-0.5104745838379461,131.1781941651209,122.54862628107514,2132302.5,2.634782807982325,30.588590007660173,29.572999999999983,0.2174485294117645,0.951348713337119,7.0,0.9967,1
JNJ,Johnson & Johnson,2020-06-23,2020-07-23,125.35644737590444,52.50401891375928,-0.0615921713727689,-0.1354578020269661,130.31907398050356,120.39382077130531,12630543.902439024,2.4785937672828484,21.68307769265827,1063.7199000000114,0.8271538880248922,0.4461819751032648,28.0,0.9996,1
JNJ,Johnson & Johnson,2020-07-08,2020-08-07,126.2995051542918,58.81279141934287,-0.1070065620117742,-0.1793655034530223,131.38860806000582,121.21040224857776,-7746172.093023255,2.4714579031440693,18.40013362782861,1314.0287000000292,0.9176178072625902,0.2375744205383658,29.0,0.9996,1
JNJ,Johnson & Johnson,2020-07-23,2020-08-22,128.56436994870504,63.398726112686255,0.6202881506188919,0.532902664139855,132.65064537016667,124.4780945272434,5427979.069767442,2.05432098945796,28.54320798282749,601.5385000000055,0.9254438461538546,0.1625665941553225,11.0,0.9964,0
JNJ,Johnson & Johnson,2020-08-07,2020-09-06,130.25299984614057,59.82738612878428,0.932781531482375,0.8058152141102651,133.56394306388574,126.94205662839532,28884006.976744182,2.0311169371390507,23.81358582156658,2023.6396999999872,0.908684193982931,0.1681095106909143,13.0,0.9997,0
JNJ,Johnson & Johnson,2020-08-22,2020-09-21,131.5864707253196,56.59345137014782,0.1155808563521247,0.1135401977753227,135.5657733216239,127.60716812901528,-5737390.243902439,2.0877980553615747,15.413655329915676,2182.4601000000107,0.892256786590356,0.3156252834082221,14.0,0.9998,0
JNJ,Johnson & Johnson,2020-09-06,2020-10-06,131.52573923631147,49.836783668895,0.0703629208058501,0.1299971511343083,135.74200149636997,127.30947697625297,20181331.70731708,2.2709604026955925,15.290033742597014,223.9664999999956,0.0648238784370464,0.6656233042202079,28.0,0.9998,0
JNJ,Johnson & Johnson,2020-09-21,2020-10-21,130.16837633306326,46.30219339352048,-0.5841130227848249,-0.5526146583415271,133.99264165946923,126.34411100665736,2211770.7317073173,2.428547556023924,16.64999887212353,1153.765500000206,0.228921726190517,0.726795819834642,31.0,0.9999,1
JNJ,Johnson & Johnson,2020-10-06,2020-11-05,129.23988846488623,43.68359224366019,-0.2950411426511541,-0.1487928454699828,133.6554850949681,124.82429183480428,13932014.285714284,2.42531103745058,27.26182631272961,2463.1553000000863,0.7265944837758367,0.6215311639985851,15.0,0.9999,1
JNJ,Johnson & Johnson,2020-10-21,2020-11-20,127.76866369628904,48.86766041920246,-0.0504744722678438,-0.0836541059094447,133.93330042006534,121.60402697251276,11433409.090909092,2.45305872534335,38.34630541838814,1392.8286000000508,0.8405724803862709,0.4735806678916145,19.0,0.9998,1
JNJ,Johnson & Johnson,2020-11-05,2020-12-05,127.12234535217289,50.32420909018296,-0.0763323880036815,-0.1333871604013786,134.32111128208746,119.92357942225824,2114346.511627907,2.277575772833711,32.52036348684118,1824.42070000004,0.814473526785732,0.4029584016181209,56.0,0.9988,1
JNJ,Johnson & Johnson,2020-11-20,2020-12-20,129.17339363098142,63.853553419911,0.6142317826448837,0.4517400077801858,135.44937919947083,122.89740806249202,13377088.095238095,2.1711669113927354,24.042316870209024,1626.320500000024,0.8217890348661062,0.3348486062630509,47.0,0.9988,1
JNJ,Johnson & Johnson,2020-12-05,2021-01-04,131.9990817642212,61.08467263437774,1.6666465039118616,1.4657483258877413,137.05232776660122,126.94583576184117,34532512.820512824,2.248946075681526,13.844216572501049,138.5605999999997,0.7530467391304332,0.2981537445666994,5.0,0.973,1
JNJ,Johnson & Johnson,2020-12-20,2021-01-19,135.41980319776033,67.3216749726537,1.336461464437601,1.0929775271426236,140.72493975858578,130.11466663693488,40342860.526315786,2.0237911421752024,13.100632132147808,103.13990000000014,0.8251192000000012,0.3316063152867636,12.0,0.9984,1
JNJ,Johnson & Johnson,2021-01-04,2021-02-03,139.7496160125732,68.31834914278538,1.5788001312529465,1.304187194406319,145.89081134927258,133.6084206758739,25560133.33333333,2.271106445166749,16.338103452783333,660.2642999999985,0.8181713754646821,0.4972708240412328,31.0,0.9998,0
JNJ,Johnson & Johnson,2021-01-19,2021-02-18,143.5494781112671,63.33436111816069,1.4218680426740324,1.248523046976621,149.6656284460675,137.4333277764667,2031746.1538461533,2.460133771828741,26.28872957185501,1497.8577999999732,0.8728775058274902,0.3999650043085768,44.0,0.9998,0
JNJ,Johnson & Johnson,2021-02-03,2021-03-05,145.2367460499639,52.24911561139894,0.9266889825334136,0.9390238664144706,150.40837037913562,140.06512172079215,500069.0476190476,2.61939227961536,29.19051400282,5058.953699999961,0.8355001981833131,0.303895961687859,93.0,0.9995,1
JNJ,Johnson & Johnson,2021-02-18,2021-03-20,144.50993452072143,44.743679781821726,-0.1696785183310422,-0.0998364012718094,149.57976533049535,139.4401037109475,-9213695.34883721,2.606172857796927,31.593683572548017,4349.757500000171,0.8266357848727044,0.2939011720656974,73.0,0.9991,1
JNJ,Johnson & Johnson,2021-03-05,2021-04-04,143.0388401031494,52.44656944934679,0.1993185103526906,0.1449115034658178,148.27399324561148,137.80368696068734,29767346.341463413,2.236807861891563,45.49197943136315,871.5538999999933,0.905981185031178,0.1296448882701419,19.0,0.9972,1
JNJ,Johnson & Johnson,2021-03-20,2021-04-19,143.4963590101762,57.65944476963429,-0.4403212617782487,-0.4563738432685754,147.63943974774284,139.35327827260957,-10160475.609756095,2.2856689771989567,35.38738363562963,1222.7636999999877,0.9291517477203554,0.1133722565360513,14.0,0.9996,1
JNJ,Johnson & Johnson,2021-04-04,2021-05-04,145.06867745139382,59.58210007440709,0.9466767877477064,0.8696063600997466,148.72052564222784,141.4168292605598,20231336.58536585,2.235595802762312,22.594596783732783,969.1802000000162,0.6707129411764817,0.6822618199701047,16.0,0.9996,1
JNJ,Johnson & Johnson,2021-04-19,2021-05-19,146.4408861680464,56.46169427545084,0.7049001334805184,0.5625861223354586,150.62052727722477,142.2612450588681,13923504.87804878,2.1396530107088814,21.203412753751635,460.9902999999956,0.4967567887930987,0.8280431457845198,13.0,0.996,0
JNJ,Johnson & Johnson,2021-05-04,2021-06-03,148.515681158978,60.7828827187856,0.6270276439136624,0.5072345409474323,152.95421114513314,144.07715117282288,14243702.38095238,1.985486246445852,17.175653287046714,-486.3653999999952,-0.5831719424460374,0.7476272420406848,8.0,0.9962,1
JNJ,Johnson & Johnson,2021-05-19,2021-06-18,150.32436860402424,51.891654174421895,0.6984900375928119,0.7116800126656805,154.35919022782107,146.2895469802274,11286546.511627909,2.0938071830829,35.88079525782641,-526.1614999999944,-0.6694166666666594,0.6691555657118471,6.0,0.9982,1
JNJ,Johnson & Johnson,2021-06-03,2021-07-03,149.6560706138611,44.29731878171442,-0.1640765826852299,-0.1008204183926425,152.94945355934257,146.36268766837958,-7162248.837209302,1.9211133705399703,60.24322206729851,1881.776299999968,0.9228917606669776,0.2213347392339179,15.0,0.9993,1
JNJ,Johnson & Johnson,2021-06-18,2021-07-18,148.65978861722078,50.377555735453264,-0.3675738171114222,-0.4160280248854342,152.35754229419553,144.96203494024604,-27259736.58536585,1.7816245224667326,54.96116923397512,1935.7665999999656,0.9222327775130852,0.2192408350393788,17.0,0.9993,1
JNJ,Johnson & Johnson,2021-07-03,2021-08-02,149.7061190171675,60.37304838236441,0.2974674814200305,0.1786614573016008,153.63717938564744,145.7750586486876,-9407700.0,1.7812311250534996,31.35583758195073,-2192.2938000001054,-0.7406397972973329,0.4655330050317259,11.0,0.9992,1
JNJ,Johnson & Johnson,2021-07-18,2021-08-17,152.41635336442428,70.1240280137938,1.2991803214742783,1.126957137808877,156.36856185820145,148.46414487064715,30813258.536585364,1.6753639318025204,18.218602553016577,-1814.9406000000656,-0.5408047079857168,0.6982496384569418,16.0,0.9997,0
JNJ,Johnson & Johnson,2021-08-02,2021-09-01,155.48138223127884,67.18058589685755,0.9184745594184576,0.7939591594768873,159.5227640502152,151.44000041234247,21503982.926829267,1.6777559170792815,16.023611046162276,1488.4480000000149,0.8578951008645619,0.2429182205699395,27.0,0.9997,0
JNJ,Johnson & Johnson,2021-08-17,2021-09-16,157.07386756565262,55.3662415226946,0.9893592435313062,1.03056833454619,161.6207184584072,152.527016672898,47138435.71428572,1.8372486253562923,24.015313597479505,1064.218799999989,0.8294768511301551,0.2721933443532403,20.0,0.9994,0
JNJ,Johnson & Johnson,2021-09-01,2021-10-01,155.33555653889974,35.27330570266217,-0.328968763385945,-0.1286528312765938,161.45446919258947,149.21664388521003,-1119241.8604651163,1.7107005594789209,51.72330477133265,-28.55020000000004,-0.0483082910321489,0.4212832271447739,6.0,0.9994,1
JNJ,Johnson & Johnson,2021-09-16,2021-10-16,150.6246370951335,25.95779420817001,-1.9476898872903945,-1.7069153448174372,156.89094650320604,144.35832768706086,-52321953.488372095,1.999574717875694,52.068793064937175,76.84269999999998,0.1008434383202099,0.5961038070400685,12.0,0.9984,1
JNJ,Johnson & Johnson,2021-10-01,2021-10-31,147.05491223542586,37.79578971664716,-1.5482727885481595,-1.4810181906369264,151.4816215936781,142.6282028771736,-45346469.047619045,2.037293001174824,27.28371559181336,584.511600000003,0.8964901840490843,0.4290018714885433,21.0,0.9993,0
JNJ,Johnson & Johnson,2021-10-16,2021-11-15,146.46024485049043,50.117153140009485,-0.3202709754838765,-0.3461722751406818,150.0928638708317,142.82762583014917,-30475261.904761903,2.1366297345307816,21.818567116218823,2287.0901999999514,0.3099458192166894,0.3885221740188412,190.0,0.9993,1
JNJ,Johnson & Johnson,2021-10-31,2021-11-30,147.28111294833096,53.273193235881415,0.3363213134267327,0.3349744490424542,150.1387280493949,144.42349784726702,8632036.585365854,2.2686723971273777,37.57704797815461,1897.6633999999344,0.2715214479896887,0.3626037054853069,179.0,0.9987,1
JNJ,Johnson & Johnson,2021-11-15,2021-12-15,147.1393802642822,48.92411215244135,0.3769170166393255,0.3339710019354787,150.38314680809796,143.89561372046649,7587082.926829268,2.284719638533691,51.57347956799287,72.51330000000003,0.9668440000000004,0.1066157387093506,4.0,0.9909,0
JNJ,Johnson & Johnson,2021-11-30,2021-12-30,147.8650062561035,55.86172464736434,0.4289126546812158,0.2591757267321108,154.18020209274934,141.54981041945774,-2769656.097560976,2.528432451956503,32.167055543214666,-0.8681000000000142,-0.0086810000000001,0.847685899005479,6.0,0.9909,1
JNJ,Johnson & Johnson,2021-12-15,2022-01-14,151.44187784609588,62.99993241428261,0.8528013522755893,0.681081403382601,158.0216246805707,144.86213101162107,16614659.523809524,2.1810899412414453,18.37899128715437,-25.093999999999983,-0.1640130718954247,0.6960924922183389,5.0,0.9428,0
JNJ,Johnson & Johnson,2021-12-30,2022-01-29,153.98967530623725,54.81366224151155,1.8046318762171207,1.7642615982875818,159.01938266797876,148.95996794449584,35799309.52380952,2.438407879484628,25.550395603237288,-55.62400000000015,-0.261145539906104,0.8324944555548356,5.0,0.9996,0
JNJ,Johnson & Johnson,2022-01-14,2022-02-13,154.30748662081632,50.84625176333511,-0.1793207991682088,-0.1990173179245642,159.24433339369523,149.37063984793747,-28669934.14634146,2.3500665135293097,24.26262370764544,-45.14700000000004,-0.2989867549668877,0.9438962638394464,4.0,0.9996,1
JNJ,Johnson & Johnson,2022-01-29,2022-02-28,153.8608149937221,42.57564114746346,-0.5643023623199198,-0.4451072196659232,159.47404679103,148.2475831964142,-46097180.0,2.30157697684328,39.49377794454937,4.987,0.9974,1.2412670766236366e-16,1.0,0.9974,1
JNJ,Johnson & Johnson,2022-02-13,2022-03-15,152.85290309361048,48.28740924933951,0.0102719575032573,-0.0179752818387168,159.0719988229301,146.63380736429087,-34450060.0,2.7597579684910287,49.50233624859271,2052.7560999998927,0.6420882389740046,0.7155763711883322,6.0,0.9974,1
JNJ,Johnson & Johnson,2022-02-28,2022-03-30,153.7345551924272,53.21701222938128,-0.0719389522449413,-0.2480408955691179,161.208407639668,146.2607027451864,-46864939.02439024,2.741298520339153,32.887145239961825,2059.056999999894,0.6442606382978391,0.7136918424507093,7.0,0.9993,1
JNJ,Johnson & Johnson,2022-03-15,2022-04-14,157.9132727581522,64.93760386429419,1.4967226926398192,1.2463221695441251,164.81400346143582,151.01254205486856,-2473747.619047619,2.96603314636691,34.719598246589335,33.04259999999997,0.6354346153846149,0.2025857580544985,4.0,0.9993,0
JNJ,Johnson & Johnson,2022-03-30,2022-04-29,162.02241586049396,63.41186385071817,2.005344656390525,1.7875290340149153,167.3588182167945,156.68601350419345,27939462.790697675,2.847022893149998,34.357584940717295,45.62290000000007,0.7241730158730169,0.237432108602852,3.0,0.9997,0
JNJ,Johnson & Johnson,2022-04-14,2022-05-14,164.71950737635294,53.39824539345943,0.5027550370170057,0.517338620025435,169.4930686442024,159.94594610850348,-10390030.23255814,2.865774041236142,32.009516154715314,12.996100000000002,0.9997,2.3111135221866393e-16,1.0,0.9997,0
JNJ,Johnson & Johnson,2022-04-29,2022-05-29,164.76170966106912,48.69817888811545,-0.0688948902449536,-0.0368133176344363,169.74519099629856,159.7782283258397,-8608269.047619049,2.9031542615636603,22.80501295265111,-827.6162999999809,-0.3767029130632594,0.4279715723930433,5.0,0.9349,1
JNJ,Johnson & Johnson,2022-05-14,2022-06-13,163.65999843052455,46.85746639579085,-0.1452329986712193,-0.1160945451875213,168.43625754590312,158.883739315146,-26726460.0,3.035385417462104,19.42825571939519,-806.7487999999806,-0.3662046300499231,0.4427471161422782,6.0,0.989,1
JNJ,Johnson & Johnson,2022-05-29,2022-06-28,162.65382686796642,46.1393607734448,-0.5622492845975884,-0.4853645796356902,168.30513855229978,157.00251518363302,-38480370.0,3.0117602131921,22.54312452739879,-778.1777999999696,-0.4292210700496247,0.4207303236517837,11.0,0.9988,0
JNJ,Johnson & Johnson,2022-06-13,2022-07-13,161.82015853881836,49.52608314064732,-0.0625725606172205,-0.1106057429997574,169.33769383154635,154.30262324609038,-22812312.82051282,3.090535381917717,25.30245165176666,-574.5300999999682,-0.2821857072691396,0.5792733814224593,13.0,0.9988,0
JNJ,Johnson & Johnson,2022-06-28,2022-07-28,162.18635439191544,47.16412382388717,-0.5899068986492445,-0.5090929269524082,168.94785761111947,155.42485117271144,-15576962.5,3.1342699261933045,45.57772757088764,-474.2633000000062,-0.2277921709894362,0.7549715936757315,16.0,0.9981,0
JNJ,Johnson & Johnson,2022-07-13,2022-08-12,161.51399761697522,44.89779144849514,0.4452330502886117,0.5142704852294558,166.7404788347169,156.2875163992335,28676366.666666668,2.8422461322802253,53.79286186414306,-1093.9754999999948,-0.4768855710549236,0.646393064065412,15.0,0.9981,0
JNJ,Johnson & Johnson,2022-07-28,2022-08-27,158.9539127031962,36.30008129823955,-0.8715208077478294,-0.712651015478563,163.83176466508078,154.07606074131164,10942916.279069768,2.744317914152983,24.2150385242854,-375.2285000000015,-0.7504570000000029,0.5495963454179745,7.0,0.9963,1
JNJ,Johnson & Johnson,2022-08-12,2022-09-11,156.09920650979743,38.70607879452989,-1.0809780119124768,-0.9237921240630358,160.816965833814,151.38144718578096,-16252861.904761905,2.485552104685497,23.26983787355202,11.246599999999953,0.0775627586206893,0.644127685533012,7.0,0.9963,0
JNJ,Johnson & Johnson,2022-08-27,2022-09-26,153.65492141030052,42.71163076502993,-1.114637871957027,-1.0407039192645773,157.70064351489907,149.609199305702,-23017536.58536585,2.487595682068077,29.22259605283892,-22.79770000000003,-0.2279770000000003,0.4085914609862877,4.0,0.9656,1
JNJ,Johnson & Johnson,2022-09-11,2022-10-11,152.785715935447,48.1987693532098,0.0742789328471727,0.0956044975666001,156.05145871397414,149.51997315691992,8942629.268292682,2.469254224264536,20.79724435541661,23.1518,0.4209418181818182,0.4344851489986013,6.0,0.9656,1
JNJ,Johnson & Johnson,2022-09-26,2022-10-26,152.63172697587447,51.26538170946623,0.2379843526143058,0.1946803219357164,156.13362458165415,149.12982937009482,719651.2195121951,2.604353542475329,14.737086064074,61.3314,0.6258306122448979,0.4463339687168668,8.0,0.9997,1
JNJ,Johnson & Johnson,2022-10-11,2022-11-10,153.7892268180847,58.1468005826162,0.3593514718657958,0.1953098646536565,159.36997167716183,148.20848195900763,-1042525.5813953488,2.729626598370006,12.451298136639409,62.28869999999999,0.8532698630136986,0.3660592091925884,9.0,0.9997,1
JNJ,Johnson & Johnson,2022-10-26,2022-11-25,156.7516180674235,62.20266678224941,0.7557190168776311,0.5854013322839969,162.70559421162758,150.79764192321943,-14532581.395348838,2.6952507342018723,23.593312472428345,18.183000000000003,0.6270000000000001,0.5383293322864732,6.0,0.9985,1
JNJ,Johnson & Johnson,2022-11-10,2022-12-10,160.6437263170878,65.59809290867099,1.7553021837587828,1.5549867605531944,165.96875922368423,155.3186934104914,25762709.30232558,2.673037099143405,43.096279692136896,23.76240000000001,0.9901000000000004,0.0067839965135347,3.0,0.9985,1
JNJ,Johnson & Johnson,2022-11-25,2022-12-25,163.61626241932743,58.89179148602471,0.7316511205692076,0.6474008141451681,167.92120647591815,159.3113183627367,42692952.38095238,2.324391606361582,53.09728907241552,-3.5647000000000406,-0.0072014141414142,0.4977542355887885,10.0,0.999,0
JNJ,Johnson & Johnson,2022-12-10,2023-01-09,165.23757164001466,56.904815064395976,0.5697927714491161,0.5106001608269662,168.19892653892742,162.27621674110182,46798466.66666666,2.4083941119543466,42.34186100697573,2.451599999999919,0.0047511627906975,0.4932859451358291,10.0,0.999,0
JNJ,Johnson & Johnson,2022-12-25,2023-01-24,165.1555391693115,45.17705754711808,-0.1849674430154081,-0.0701765977226396,168.497915842255,161.81316249636802,11563187.17948718,2.008718765822551,48.6549763131116,-4.828200000000038,-0.0330698630136988,0.5476737390680776,4.0,0.988,0
JNJ,Johnson & Johnson,2023-01-09,2023-02-08,162.2969498825073,32.53538684079053,-1.021794320756373,-0.7430049383222309,168.91617565517055,155.67772410984406,-27951717.948717948,2.272934692829891,46.33556030085279,188.13019999999963,0.5735676829268281,0.5864475789589262,8.0,0.9946,0
JNJ,Johnson & Johnson,2023-01-24,2023-02-23,157.20271934509276,26.65336480164984,-1.7258948860396115,-1.4203965791151238,164.5835165681063,149.82192212207926,-39209589.743589744,2.256892050776643,23.33124475794333,299.00950000000086,0.9432476340694034,0.0759574000096113,8.0,0.9999,0
JNJ,Johnson & Johnson,2023-02-08,2023-03-10,152.24238022514012,28.44623635602116,-2.178421808874168,-1.887043086904588,158.49337114880922,145.991389301471,-72618647.61904761,2.473353854919356,17.478426604016942,82.07809999999986,0.9771202380952364,0.0223772893680333,2.0,0.9999,1
JNJ,Johnson & Johnson,2023-02-23,2023-03-25,147.76731475194296,34.9253377336264,-1.6670005189050665,-1.4872448817106687,152.954268603414,142.5803609004719,-38355739.53488372,2.442017412094114,18.13506308110468,43.414000000000016,0.8860000000000003,0.0,1.0,0.886,1
JNJ,Johnson & Johnson,2023-03-10,2023-04-09,145.03020168651233,43.9495663434903,-1.176852020809512,-1.1563623172566482,149.14886460417554,140.9115387688491,-49713617.07317073,2.0678588361253967,17.643082226615423,77.87040000000005,0.927028571428572,0.052615496758459,2.0,0.9937,0
JNJ,Johnson & Johnson,2023-03-25,2023-04-24,146.10056565024638,60.41725414205303,0.0980701541635064,-0.1162500294284212,152.5876882960216,139.61344300447115,-17531500.0,2.094418105607021,18.808725288065013,39.77999999999999,0.9944999999999996,0.0016203829873338,2.0,0.9977,0
JNJ,Johnson & Johnson,2023-04-09,2023-05-09,150.62153081026943,62.37747877769068,1.471061971282759,1.306277274102723,158.2287504355703,143.0143111849686,28400743.902439024,2.26770567852932,20.67104437755552,37.62539999999996,0.1835385365853656,0.5479140011665321,12.0,0.9977,0
JNJ,Johnson & Johnson,2023-04-24,2023-05-24,152.90411848588425,47.80498367373533,1.2354335870445574,1.2485147607496256,157.09767877161264,148.71055820015584,10492104.87804878,2.019392896154089,25.29906316577264,293.6080000000041,0.394634408602156,0.6733934812907472,15.0,0.9866,1
JNJ,Johnson & Johnson,2023-05-09,2023-06-08,151.5404383783755,34.63910411369432,-0.6756822028270923,-0.5487029489396575,155.17117620274587,147.90970055400513,-30976111.904761903,1.8805489531381905,27.65047829924511,295.0606000000006,0.5203890652557329,0.683829883341014,6.0,0.9869,1
JNJ,Johnson & Johnson,2023-05-24,2023-06-23,149.9722927591075,45.561528419868736,-0.4807989031876427,-0.5379644306523177,154.49609193407954,145.4484935841355,-14774592.857142856,1.819015409378646,18.614452474300474,26.623300000000008,0.9860481481481485,0.0011318366185338,2.0,0.9869,1
JNJ,Johnson & Johnson,2023-06-08,2023-07-08,151.0705194646662,60.12261725309255,0.2137896009569888,0.0974370622765874,156.15199110629464,145.98904782303777,-23819268.292682927,1.7889797524362052,17.02655272118098,-10.121099999999998,-0.9200999999999998,0.0,1.0,0.9201,1
JNJ,Johnson & Johnson,2023-06-23,2023-07-23,153.2365027654739,60.04918069983251,0.699960419260794,0.673054983482068,158.53403960567093,147.93896592527682,2525985.0,1.8253292297752903,41.50544802567578,57.53769999999994,0.7472428571428564,0.6483747274671069,2.0,0.9961,0
JNJ,Johnson & Johnson,2023-07-08,2023-08-07,154.61211969284784,56.30556072581017,0.7710187018769737,0.5648580499331587,162.15967738157147,147.0645620041242,1518905.0,2.1168356832082345,36.54329699591697,-284.4526999999998,-0.4258273952095806,0.675925248265206,16.0,0.9961,0
JNJ,Johnson & Johnson,2023-07-23,2023-08-22,158.17656919305975,58.65994105433613,0.5589703473221892,0.3760517817448873,167.09440449091255,149.25873389520692,-13555153.658536583,2.517936933879976,16.209406235967062,-242.7399000000007,-0.3307083106267039,0.7281464552728892,30.0,0.9937,0
JNJ,Johnson & Johnson,2023-08-07,2023-09-06,160.85615914084693,52.075368552388575,1.3535984542411468,1.3854338908622037,168.18269586684752,153.5296224148464,-86852668.29268293,2.765970957722251,24.26381066630488,101.35719999999982,0.8737689655172398,0.3327423825055087,10.0,0.9937,0
JNJ,Johnson & Johnson,2023-08-22,2023-09-21,159.14587405660876,40.02212066036794,-0.7526426515172469,-0.5954009160747773,165.61405519246532,152.67769292075226,-214249302.3809524,2.843112157085757,31.666958715945487,-3.9624000000000006,-0.0139031578947368,0.1342525569189963,18.0,0.8678,0
JNJ,Johnson & Johnson,2023-09-06,2023-10-06,155.572825495402,34.44243708828704,-1.5038061471818838,-1.3005935448533692,161.41358564274404,149.73206534806,-408951727.9069768,2.6110936037229044,21.46995785648863,-4.439100000000001,-0.0154672473867595,0.1365460145824135,19.0,0.8678,0
JNJ,Johnson & Johnson,2023-09-21,2023-10-21,152.53488079706827,37.85001316863402,-0.941391462269376,-0.8000557373287329,157.08205108836748,147.98771050576906,-68694106.97674419,2.26312267685048,21.25796606129487,0.0,0.0,0.0,0.0,0.0,0
JNJ,Johnson & Johnson,2023-10-06,2023-11-05,149.57470932006837,32.0515220711288,-0.523576984771438,-0.3192966384516766,155.11299973524464,144.0364189048921,-9716862.790697675,2.133993597750236,19.106834861660165,4.3615,0.8722999999999999,1.2412670766236366e-16,1.0,0.8723,1
JNJ,Johnson & Johnson,2023-10-21,2023-11-20,145.94866658086363,36.6827450178745,-1.5237302281576908,-1.349988679827576,151.40914119298145,140.4881919687458,-35422052.38095238,2.01469725427019,30.31524288507543,-21.8862,-0.4757869565217392,0.8165585649837427,4.0,0.9848,1
JNJ,Johnson & Johnson,2023-11-05,2023-12-05,143.68944095264783,47.69016912717494,-0.9457678918544584,-0.9680366499342012,148.68337561401415,138.6955062912815,-4723939.024390244,1.996315115860588,41.83449097399208,5.067799999999995,0.0734463768115941,0.9662272128931212,4.0,0.9945,1
JNJ,Johnson & Johnson,2023-11-20,2023-12-20,145.1278791254217,62.44460575164478,0.4114411744935702,0.2577008767247294,150.6672007507548,139.58855750008857,22790290.24390244,2.0121651344429705,29.160665933883315,3001.52630000014,0.9981796807449752,0.0027505052154028,3.0,0.9983,1
JNJ,Johnson & Johnson,2023-12-05,2024-01-04,148.0641222635905,62.86239529148692,0.6479025995255576,0.5291370874496276,153.47485308532225,142.65339144185876,22680927.5,1.876276058735581,42.355515889556834,2976.662100000135,0.9982099597585966,0.0027411860029632,3.0,0.9983,0
JNJ,Johnson & Johnson,2023-12-20,2024-01-19,150.52406874157134,63.51197535988337,1.2339135555573328,1.056357622959013,154.95647951238826,146.09165797075437,42925780.0,1.9740655235682163,45.15771525096972,142.40199999999984,0.955718120805368,0.1096231610549888,7.0,0.9952,0
JNJ,Johnson & Johnson,2024-01-04,2024-02-03,152.785589391535,58.01563767638736,0.126498570586216,0.0911938780110665,156.99609766283035,148.57508112023962,26792724.390243903,1.924743919462908,15.751050254739358,279.2562999999986,0.7197327319587592,0.5609750348747472,11.0,0.9868,1
JNJ,Johnson & Johnson,2024-01-19,2024-02-18,153.54493095761254,50.10876092503453,0.8340040209194839,0.8585940568449804,157.01727472643748,150.07258718878757,35144735.0,1.974522817112804,15.2875502151936,131.20040000000034,0.5489556485355663,0.6902406722815901,4.0,0.9868,1
JNJ,Johnson & Johnson,2024-02-03,2024-03-04,152.84566980997724,46.26064203685986,-0.1980178733530962,-0.2329693742794452,156.40950828507428,149.28183133488017,472557.5,1.891813933088163,21.48037662703727,0.0,0.0,0.0,0.0,0.0,0
JNJ,Johnson & Johnson,2024-02-18,2024-03-19,153.32625253850767,53.179827492457314,-0.1932682154777955,-0.2369984091519008,157.30471769195398,149.34778738506128,-28065419.51219512,2.0356527996147324,19.31732048475924,524.6954999999983,0.9574735401459824,0.1330748503918861,5.0,0.9932,0
JNJ,Johnson & Johnson,2024-03-04,2024-04-03,154.19232079642157,51.163117638411286,0.5746238443351451,0.5997505379483865,158.46268028802226,149.92196130482094,-2194785.0,1.9669382911652968,33.830090629718896,593.6292999999971,0.9422687301587256,0.1989839013468308,11.0,0.9969,0
JNJ,Johnson & Johnson,2024-03-19,2024-04-18,152.4423868352717,34.32279214391819,-0.4127060170289591,-0.195307086326378,157.54506383417586,147.3397098363675,-12278039.024390245,1.922086207421984,23.708434009997617,6.175899999999998,0.0444309352517985,0.9668327680020224,6.0,0.9969,1
JNJ,Johnson & Johnson,2024-04-03,2024-05-03,148.57206017176313,31.02343032621664,-1.3293901061488735,-1.121879653668889,155.07083919829313,142.07328114523307,-41230430.23255814,2.170936521420903,16.87430357816281,-866.6972000000042,-0.588788858695655,0.5298486072767341,12.0,0.9806,0
JNJ,Johnson & Johnson,2024-04-18,2024-05-18,144.95616703033446,41.26253248689362,-0.957512058018458,-0.9369139077696684,150.8938847946413,139.0184492660276,-27127379.06976744,2.0319831137915405,20.65264973143374,-782.5928000000064,-0.5457411436541189,0.5616067235546132,13.0,0.961,0
JNJ,Johnson & Johnson,2024-05-03,2024-06-02,144.4679316976796,51.406941294722216,-0.6555491783521481,-0.6504758682833699,149.15628988261005,139.77957351274912,-1523345.238095238,2.3546214804440875,24.454536975531667,20.36709999999999,0.9257772727272724,0.007867106433522,2.0,0.961,0
JNJ,Johnson & Johnson,2024-05-18,2024-06-17,145.23337395407935,49.79560304013061,0.504405962455163,0.5360127272685842,150.551005454045,139.91574245411374,37874241.46341463,2.3526761930319133,26.66219545643965,0.0,0.0,0.0,0.0,0.0,1
JNJ,Johnson & Johnson,2024-06-02,2024-07-02,144.2767740522112,46.58451417843116,-0.1176911507896811,-0.0811154549346261,148.63773491508968,139.91581318933282,56892565.0,1.9222333355297725,23.860080299162487,7.8296,0.9787,0.0,1.0,0.9787,1
JNJ,Johnson & Johnson,2024-06-17,2024-07-17,143.35989616394042,50.25571713223454,-0.6647954372978864,-0.6618718977149316,146.0930185844665,140.62677374341436,31633841.025641024,2.170131129597201,27.877968917336062,93.66910000000004,0.975719791666667,0.0151283951894697,4.0,0.9929,1
JNJ,Johnson & Johnson,2024-07-02,2024-08-01,145.05117915760383,61.36421420528046,0.5152417533989833,0.2761858334099887,150.24618984340444,139.85616847180333,39895624.3902439,2.105864831642414,20.869826930784424,186.3611999999992,0.9860380952380908,0.014367835997331,4.0,0.9947,1
