Ticker,Company,StartDate,EndDate,Simple Moving Average,Relative Strength Index,Moving Average Convergence Divergence,Moving Average Convergence Divergence Signal,Bollinger Upper Band,Bollinger Lower Band,On-Balance Volume,Average True Range,Average Directional Index,Output
JNJ,Johnson & Johnson,2016-04-30,2016-05-30,87.83275799958602,66.41487128515361,0.572383026248119,0.5212213331557267,89.6929701619108,85.97254583726125,1613150.0,0.9035204965223356,22.79359139469506,1
JNJ,Johnson & Johnson,2016-05-15,2016-06-14,88.74157312566584,60.63958018283249,0.5007807492409434,0.4309984009323641,90.1629658461418,87.32018040518984,-12736207.31707317,0.9027314037614516,21.49118233220144,1
JNJ,Johnson & Johnson,2016-05-30,2016-06-29,89.80432845028963,63.49971695382384,0.3947761418899922,0.3248579566159795,91.88297303990174,87.72568386067755,-13344185.365853658,0.8437966375935068,17.76466685087223,1
JNJ,Johnson & Johnson,2016-06-14,2016-07-14,91.49760256680575,71.00001926221525,0.5321673879502159,0.3927743723338169,94.49846998479715,88.49673514881435,10526658.536585366,0.9667664824775872,16.71714469327506,1
JNJ,Johnson & Johnson,2016-06-29,2016-07-29,93.99430482283884,75.82143438596795,1.063800653194959,0.911192570199358,97.58004080255806,90.4085688431196,54179869.047619045,0.9893073285753272,11.424316197828023,0
JNJ,Johnson & Johnson,2016-07-14,2016-08-13,96.40752770105998,70.62200642434333,0.7429074627049822,0.6762420905708103,99.30232398946112,93.51273141265884,31908223.25581396,0.9548313873588066,10.02558242021926,0
JNJ,Johnson & Johnson,2016-07-29,2016-08-28,97.29939566902492,51.13515652865919,0.4213859743698109,0.4644493888215356,99.31988544362876,95.27890589442111,20451047.61904762,0.8833603230318288,18.99398350834593,0
JNJ,Johnson & Johnson,2016-08-13,2016-09-12,96.3899839921431,35.484683836294224,-0.2000410604231811,-0.1332477954671793,98.6574675316826,94.12250045260366,-21098912.19512195,0.8220576367683708,18.950110947427053,0
JNJ,Johnson & Johnson,2016-08-28,2016-09-27,94.83063982183285,36.34957564207055,-0.6275084672276809,-0.5657953815701166,96.62508122779084,93.03619841587484,-42575924.3902439,0.7982097366984706,17.215400213421635,0
JNJ,Johnson & Johnson,2016-09-12,2016-10-12,94.04781735160132,46.4694749049943,-0.3400415424199522,-0.3233261553299646,95.17480420296896,92.92083050023368,-24866209.756097563,0.9248760437458716,20.68241757611992,1
JNJ,Johnson & Johnson,2016-09-27,2016-10-27,93.67613825590716,44.01438946075975,-0.2758495235085331,-0.2084756176430153,95.28662679246438,92.0656497193499,-4232635.714285715,0.9380924248894036,40.48842867382798,1
JNJ,Johnson & Johnson,2016-10-12,2016-11-11,92.84234400939944,45.38854999760474,-0.3147320112244461,-0.2802552631930894,95.2306037689219,90.4540842498769,17526959.09090909,1.1124687170292442,48.86311326544317,0
JNJ,Johnson & Johnson,2016-10-27,2016-11-26,92.04033864339192,46.109982647093325,-0.3390696118575867,-0.318124840136114,94.9889508208028,89.09172646598104,28592527.906976745,1.1768589710080732,48.7928521560766,1
JNJ,Johnson & Johnson,2016-11-11,2016-12-11,91.6045291568922,43.75862282878657,-0.3841198248314891,-0.3116608928276336,94.6738693502948,88.53518896348959,769057.1428571428,1.1758078143854394,49.08865338893848,1
JNJ,Johnson & Johnson,2016-11-26,2016-12-26,90.96843495802446,47.16966093559069,-0.0921241982674045,-0.1023428330978183,94.11800256197718,87.81886735407173,-15621980.48780488,1.1861372925636773,31.756134048247187,0
JNJ,Johnson & Johnson,2016-12-11,2017-01-10,90.85002946853638,53.36767523913841,-0.3774926358833484,-0.4011931349203653,93.68920633962615,88.01085259744659,-33682443.58974359,1.0764112596234543,14.769080321228255,0
JNJ,Johnson & Johnson,2016-12-26,2017-01-25,91.68699100494383,55.45644205876868,0.2384894217136654,0.2271013673500444,93.60436882542014,89.76961318446754,-22325584.615384616,0.9908187924724404,23.98799373934438,1
JNJ,Johnson & Johnson,2017-01-10,2017-02-09,91.55862010774158,41.783198302179066,-0.1430722091667419,-0.0993279463213013,93.15192158073712,89.96531863474604,-33133502.5,1.079390623853953,34.99992697216824,1
JNJ,Johnson & Johnson,2017-01-25,2017-02-24,91.06168676103864,53.505045599867074,-0.1178565349386158,-0.1717188264888781,93.387538821876,88.7358347002013,-32271255.0,0.8784615104789527,37.19239503836316,1
JNJ,Johnson & Johnson,2017-02-09,2017-03-11,92.71762438235076,74.39394250736561,0.3750734442877809,0.1879946620024427,96.95068046849735,88.48456829620415,-11986159.523809524,1.0084174572006603,14.7279742800517,0
JNJ,Johnson & Johnson,2017-02-24,2017-03-26,96.47174384075662,86.70151354026811,1.3428424703400943,1.1302053643391348,101.84993313238738,91.0935545491259,48139407.14285714,1.043712838051161,8.617838600920223,0
JNJ,Johnson & Johnson,2017-03-11,2017-04-10,99.95190315246585,65.98142769362113,1.4595369583915372,1.370346902141809,103.78640216184483,96.1174041430868,55009397.56097561,1.058601243394676,12.379200459149777,0
JNJ,Johnson & Johnson,2017-03-26,2017-04-25,100.75293123071845,45.57756617413769,0.2686396144810754,0.3005094879334201,103.12770452937212,98.37815793206477,-7000539.024390244,1.009807550393374,32.62547256972444,1
JNJ,Johnson & Johnson,2017-04-10,2017-05-10,99.8659921646118,36.55922406505605,-0.3358871812238873,-0.2917546207669582,101.929102379429,97.8028819497946,-37487536.585365854,0.9243604201022791,29.13301347311533,1
JNJ,Johnson & Johnson,2017-04-25,2017-05-25,99.35519337861436,52.68310163522642,-0.1635057947898718,-0.2040623281291126,101.5606524422928,97.1497343149359,-19249719.04761905,0.8561512952755569,16.825329991251916,1
JNJ,Johnson & Johnson,2017-05-10,2017-06-09,100.28413304867952,67.33998914475234,0.2874612125970075,0.1723860375807167,103.18869848389512,97.37956761346398,6536461.904761905,0.9109340511519074,18.46209097474024,1
JNJ,Johnson & Johnson,2017-05-25,2017-06-24,102.80863437652587,81.03870045217688,0.8518901336114442,0.6810411234202661,106.54771305534956,99.0695556977022,35985179.069767445,0.8542898960567343,11.609105666508404,0
JNJ,Johnson & Johnson,2017-06-09,2017-07-09,105.68324371684685,78.38267414345374,1.2882469042410063,1.1580722922903686,109.36585756075402,102.00062987293958,68230787.80487806,1.018511971598605,8.163614337713906,1
JNJ,Johnson & Johnson,2017-06-24,2017-07-24,107.549957711356,63.2142187212304,0.7066611016284596,0.6606915297810448,110.6040969980071,104.49581842470496,47072805.0,1.0450528377237305,15.690939264189694,0
JNJ,Johnson & Johnson,2017-07-09,2017-08-08,107.59712697809393,47.96436481052892,0.1921406927436427,0.2002462349504863,110.1148966392885,105.07935731689936,32423980.48780488,1.1701961060779793,15.782395036392026,0
JNJ,Johnson & Johnson,2017-07-24,2017-08-23,107.33304663571448,51.11016376997275,-0.425817688088014,-0.4168132010125066,109.55702236183753,105.10907090959137,-23979880.48780488,1.22344367054822,9.716993703704423,0
JNJ,Johnson & Johnson,2017-08-08,2017-09-07,107.3714718694272,50.333581857568014,0.1681058538875675,0.1710776742087754,109.02411963754253,105.71882410131192,-7912245.238095238,1.2331330429865397,20.115628379068657,1
JNJ,Johnson & Johnson,2017-08-23,2017-09-22,107.392032400767,52.8236404825668,0.0214349512538703,-0.0049657816569001,108.8926403790948,105.8914244224392,-12538200.0,1.2710914058059843,47.43108935097717,1
JNJ,Johnson & Johnson,2017-09-07,2017-10-07,107.42665691375733,48.427367710133744,0.0788625389793909,0.0881364082628936,109.65027187903485,105.20304194847984,7028062.790697674,1.2203854521099051,32.95153423798085,1
JNJ,Johnson & Johnson,2017-09-22,2017-10-22,107.81379072769828,59.40138626022154,0.2324701554294741,0.1226989278943597,111.18985588716671,104.43772556822988,11395542.857142856,1.2010644774732266,25.949053807653847,0
JNJ,Johnson & Johnson,2017-10-07,2017-11-06,109.719770779817,65.05547015898017,0.6628484070249689,0.5060742535278028,114.75798108299448,104.68156047663956,6383292.857142857,1.4635692287421307,20.13787426586084,1
JNJ,Johnson & Johnson,2017-10-22,2017-11-21,112.71518413709556,63.0267811386594,0.9692570053583112,0.8973735629526455,117.34103692331858,108.08933135087256,15347961.904761905,1.2751039168135996,14.681596097709347,1
JNJ,Johnson & Johnson,2017-11-06,2017-12-06,113.74539833068847,48.23004396427954,0.783133766415984,0.7585321456379447,116.09030693395307,111.40048972742387,12486743.902439024,1.3855899345975846,14.403113357989586,1
JNJ,Johnson & Johnson,2017-11-21,2017-12-21,113.69816954239556,49.98066739900493,-0.3608943147536663,-0.3982042592525152,115.9424018265463,111.45393725824478,-21283161.904761903,1.4431383062961085,19.41579818999489,1
JNJ,Johnson & Johnson,2017-12-06,2018-01-05,114.39676950628107,54.62107713570804,0.1837573908350462,0.1574849932248131,116.662549783333,112.13098922922912,-4869121.951219512,1.238078568855967,44.22911479626471,0
JNJ,Johnson & Johnson,2017-12-21,2018-01-20,115.46220379783992,61.00139048361061,0.584927203974092,0.478952715228419,117.91724527517052,113.00716232050938,7026282.5,1.2795818913120467,56.07035553396577,0
JNJ,Johnson & Johnson,2018-01-05,2018-02-04,116.57360191345214,57.04343143401462,0.2764011412996787,0.2504721509318407,120.24329542190635,112.90390840499794,11281867.5,1.3976897988910573,43.0868365156723,0
JNJ,Johnson & Johnson,2018-01-20,2018-02-19,115.88849637985228,49.63862605039924,-0.3591112738055594,-0.113995913959935,123.38792590329118,108.38906685641344,10592456.41025641,1.7991237687032042,44.54896760702397,0
JNJ,Johnson & Johnson,2018-02-04,2018-03-06,111.81134078616184,38.93839236976673,-0.9669099585390656,-0.7585693907770391,120.28039393819924,103.3422876341245,25892905.0,2.2754360292325493,57.60795259903305,1
JNJ,Johnson & Johnson,2018-02-19,2018-03-21,108.10159417932684,44.25191374765444,-2.0223621974801307,-1.9355528347284168,113.26990527524018,102.93328308341349,-17602980.48780488,2.547070671858426,38.92214155995016,0
JNJ,Johnson & Johnson,2018-03-06,2018-04-05,107.2539475180886,49.61308540240136,0.0357200907252611,0.0803010127283493,110.8340362923406,103.6738587438366,19716365.85365854,3.1613566426340114,20.012786492729564,0
JNJ,Johnson & Johnson,2018-03-21,2018-04-20,106.89424410280972,49.87820062708981,-0.059146758659689,-0.050319943109749,110.9340084300449,102.85447977557456,13081188.095238095,2.1558208892052657,17.09481643072422,0
JNJ,Johnson & Johnson,2018-04-05,2018-05-05,106.12594079971312,43.53663791800562,0.0067335795566815,0.0685269066281351,109.83500308817317,102.41687851125312,31184248.837209303,2.140645573035147,29.78165083566293,0
JNJ,Johnson & Johnson,2018-04-20,2018-05-20,104.92519619153892,42.86556143710363,-0.6168791231232079,-0.5353985748278143,108.34282220598328,101.50757017709456,-2283978.571428572,2.0733468376906337,26.20076543037521,0
JNJ,Johnson & Johnson,2018-05-05,2018-06-04,103.40601229234174,38.80372838682632,-0.7737470141139792,-0.663976161006383,106.68121389385082,100.13081069083267,-16832029.268292684,1.781459462565327,18.62563702939644,1
JNJ,Johnson & Johnson,2018-05-20,2018-06-19,101.9304266496138,45.51226751371943,-0.404115688979019,-0.3696750017156146,104.53409250238518,99.32676079684244,-8587790.24390244,1.5492124053962322,23.233885795892807,1
JNJ,Johnson & Johnson,2018-06-04,2018-07-04,101.3397291530262,47.446890287430605,-0.0554821835756398,-0.0463559056940825,103.35918383408308,99.32027447196936,-3803229.268292682,1.4244489527184905,23.6681331761196,1
JNJ,Johnson & Johnson,2018-06-19,2018-07-19,101.68225225968794,56.56735072748513,0.100943224607878,0.0211397739468245,103.93884306064946,99.42566145872642,2774200.0,1.3910768823036772,32.55842863002415,1
JNJ,Johnson & Johnson,2018-07-04,2018-08-03,103.22719804445904,59.111176293179945,0.5610049606723797,0.4202021237908266,106.5890750196146,99.86532106930343,18445202.3255814,1.427736975122093,23.9242102267503,1
JNJ,Johnson & Johnson,2018-07-19,2018-08-18,105.86888771057129,63.76457176525437,0.8396712453432112,0.7229945476800481,109.92158869924296,101.8161867218996,10933095.34883721,1.480866817955912,22.976649285619057,1
JNJ,Johnson & Johnson,2018-08-03,2018-09-02,108.51556651903236,63.43112519050767,0.9292965543855966,0.7929588678898158,112.267361962716,104.76377107534871,31330057.14285714,1.4532099627661377,33.948319317845566,1
JNJ,Johnson & Johnson,2018-08-18,2018-09-17,110.56223945617675,66.265433890137,1.1665956455661683,1.0053614500961283,114.19200323264684,106.9324756797067,39049658.53658537,1.3481881008560983,47.37417648083683,0
JNJ,Johnson & Johnson,2018-09-02,2018-10-02,113.33285083770753,68.62431287049654,0.8261444771309008,0.6911775084250878,117.3613506880485,109.30435098736656,19477726.82926829,1.2849973756671869,36.139341739514414,1
JNJ,Johnson & Johnson,2018-09-17,2018-10-17,115.59181565371426,57.6697334195396,0.3069842392093624,0.3094597635807509,119.0762542704657,112.10737703696282,13949207.31707317,1.4644638959781835,31.043286547305367,1
JNJ,Johnson & Johnson,2018-10-02,2018-11-01,115.77653838447904,49.74792708278014,0.5914098984290381,0.5805169355659184,118.9454113496572,112.60766541930084,37851483.333333336,1.6655564266720693,17.58271775577991,1
JNJ,Johnson & Johnson,2018-10-17,2018-11-16,115.86981454467772,54.10015642080227,0.0501859168498655,-0.0493603953938006,119.85954414845511,111.88008494090032,14121054.545454543,1.7988665036440346,15.290750394358222,0
JNJ,Johnson & Johnson,2018-11-01,2018-12-01,117.57894444465636,61.88155765773421,0.277203366906885,0.1717253119239455,121.94589138740928,113.21199750190348,19953183.72093024,1.995336062648413,12.329335252074657,0
JNJ,Johnson & Johnson,2018-11-16,2018-12-16,120.07067810405384,62.61426275771539,0.6904403963436676,0.5960090246431465,124.19121497076549,115.95014123734222,21862536.58536585,2.192801172009782,16.036936025889528,0
JNJ,Johnson & Johnson,2018-12-01,2018-12-31,119.8086442184448,44.13623795689468,-0.1024115131629577,0.1888734427938353,127.48480348005393,112.13248495683574,2043764.1025641025,2.423609794334901,37.352083384322256,1
JNJ,Johnson & Johnson,2018-12-16,2019-01-15,114.35998091446726,36.60234475493862,-1.6759823672519885,-1.357708723119632,126.95445069864591,101.76551113028862,-47735628.94736842,2.8755589905092496,61.37929045936784,1
JNJ,Johnson & Johnson,2018-12-31,2019-01-30,109.10857953523336,41.96828781297616,-2.268991961057788,-2.086580627892052,116.12567620638232,102.09148286408438,-83167947.36842105,2.8444833381388817,47.65201899054575,1
JNJ,Johnson & Johnson,2019-01-15,2019-02-14,108.50826256161643,57.40591840827082,0.1504733151664766,0.0618722574805807,111.45761421982412,105.55891090340876,18316532.5,2.5048947777183885,32.451976084070374,1
JNJ,Johnson & Johnson,2019-01-30,2019-03-01,110.33613699132744,63.21552596279042,0.5148510881572119,0.3802342846809289,113.83057697682156,106.84169700583334,18594417.073170733,1.7676852745393208,24.439605982948624,1
JNJ,Johnson & Johnson,2019-02-14,2019-03-16,113.04694588702658,69.79902567020956,0.9054628419541016,0.755391528829392,116.78310868493256,109.3107830891206,44568052.38095238,1.5371410883558103,21.692814633322527,0
JNJ,Johnson & Johnson,2019-03-01,2019-03-31,115.38213207410728,64.24878568240626,0.8318674212752998,0.7545828622734658,118.1948284115575,112.56943573665713,40597747.61904762,1.4424123412028411,21.33043145802393,1
JNJ,Johnson & Johnson,2019-03-16,2019-04-15,116.47562021775678,54.12270513215379,0.5349653083342462,0.5363566354172827,118.4305247275267,114.52071570798688,18882514.63414634,1.2817917019228229,19.73589403375504,1
JNJ,Johnson & Johnson,2019-03-31,2019-04-30,116.37664266066118,48.671767307460414,-0.092828674360882,-0.1038168438805618,118.49697015080704,114.25631517051532,7247770.731707317,1.352446601507438,18.14217272440658,0
JNJ,Johnson & Johnson,2019-04-15,2019-05-15,116.73137423775415,54.44018476940416,0.2369029491879495,0.1858146029796579,119.68675332148884,113.77599515401938,11623582.92682927,1.491113228047747,15.432085849248356,1
JNJ,Johnson & Johnson,2019-04-30,2019-05-30,117.53332056565722,52.36591581641151,-0.0292049032290397,-0.0189323122035704,120.69478331677956,114.37185781453482,4315202.439024391,1.6206065223951758,16.905638462083637,1
JNJ,Johnson & Johnson,2019-05-15,2019-06-14,117.02364634638248,45.59189917695161,0.1574360440345922,0.1708375704255075,120.771251751653,113.27604094111192,24516502.38095238,1.9482855495490847,16.572636207625962,0
JNJ,Johnson & Johnson,2019-05-30,2019-06-29,116.77131972312928,52.20021716907441,-0.1962814156777732,-0.2783732059534682,122.0543350244814,111.48830442177716,8070151.162790698,1.871172513712095,16.40277325707097,0
JNJ,Johnson & Johnson,2019-06-14,2019-07-14,118.20639192407783,58.05893133026253,0.5049929427340474,0.4356970469220189,122.98674005803537,113.42604379012027,23549770.73170732,1.808062689546767,35.76934878133088,0
JNJ,Johnson & Johnson,2019-06-29,2019-07-29,118.57733584317292,47.27181155956407,0.6466212118331928,0.782429831150546,123.82811524634197,113.32655644000393,28760246.341463413,1.7471967427053834,60.3337561250379,0
JNJ,Johnson & Johnson,2019-07-14,2019-08-13,115.42592232444072,36.85619749872618,-0.8700848414789295,-0.7087340544673536,121.68080328771448,109.17104136116691,-11274304.87804878,1.6247589259865345,26.31403189251808,1
JNJ,Johnson & Johnson,2019-07-29,2019-08-28,112.30848425084896,40.74711469265777,-1.02545614110483,-0.93875353997607,116.1776699659019,108.43929853579598,-14680121.951219512,1.7005386767389006,22.934751861740708,0
JNJ,Johnson & Johnson,2019-08-13,2019-09-12,111.34255110699198,47.31254852420294,-0.5712254576447473,-0.5242135436507439,113.48142865576934,109.20367355821462,-10061095.23809524,1.7192733468041648,37.91218208398972,1
JNJ,Johnson & Johnson,2019-08-28,2019-09-27,111.06143317222596,50.35332140650696,-0.2970527047740048,-0.3079496370185485,113.30421698580533,108.8186493586466,5297583.720930233,1.748784798897414,31.038638734829178,0
JNJ,Johnson & Johnson,2019-09-12,2019-10-12,111.302157497406,52.375781977393245,-0.27702763025139,-0.296972946416282,113.57850143707702,109.025813557735,10730748.837209305,1.761943315503526,30.87039057622912,1
JNJ,Johnson & Johnson,2019-09-27,2019-10-27,111.98139913807744,53.7263901363776,0.2694235378263279,0.2586264298324373,114.84815443434192,109.11464384181298,10351873.80952381,1.8017756745884368,28.431188027031464,1
JNJ,Johnson & Johnson,2019-10-12,2019-11-11,112.21450266630754,51.30008336350293,0.0299522824763554,0.0304943839261928,115.88410655405546,108.5448987785596,16788497.61904762,1.9631323740418047,28.20963818086852,1
JNJ,Johnson & Johnson,2019-10-27,2019-11-26,112.37433420264202,56.80459754156966,0.4497769702936125,0.3574467124418604,116.33837328093,108.41029512435406,25982397.61904762,2.104063575971188,19.21463647933865,1
JNJ,Johnson & Johnson,2019-11-11,2019-12-11,114.11787499514492,69.97660999579186,0.6151008013009236,0.4385255860878623,118.6232889461652,109.61246104412469,32331978.04878049,2.010154543079576,12.336934589517163,1
JNJ,Johnson & Johnson,2019-11-26,2019-12-26,117.6004938472401,81.64374382799429,1.392641058979722,1.1542486798883742,122.60719645557629,112.5937912389039,11006692.68292683,1.5838230052457265,16.15478731288073,1
JNJ,Johnson & Johnson,2019-12-11,2020-01-10,121.42497419877486,82.10422077437336,1.537207140797567,1.3477989551675371,126.10256321802872,116.74738517952102,21634968.292682927,1.4340688007648623,37.606710585526194,1
JNJ,Johnson & Johnson,2019-12-26,2020-01-25,124.5665533883231,72.20878517434234,1.101207942000992,0.9602661769047298,128.0289654296344,121.10414134701185,42668602.5,1.4524898422656114,37.26201982664254,1
JNJ,Johnson & Johnson,2020-01-10,2020-02-09,126.586112394787,68.21133671282945,0.9543540646735782,0.8073333351940771,129.55522894871552,123.61699584085848,48936820.0,1.4985129867871696,30.30566397907507,0
JNJ,Johnson & Johnson,2020-01-25,2020-02-24,128.49068351745603,65.53722486194832,0.5245211429896127,0.4459288205548593,131.8214393484032,125.15992768650892,18357379.487179488,1.4653436974981724,24.978733478240933,0
JNJ,Johnson & Johnson,2020-02-09,2020-03-10,128.77127344040647,48.3139050384212,0.2443216368541367,0.39721288116315,134.02763060866022,123.51491627215262,17771992.5,1.834715172866156,22.025911309352875,1
JNJ,Johnson & Johnson,2020-02-24,2020-03-25,124.44221363067628,37.37014010990914,-1.2622843341502676,-0.8518993705111826,133.92914376865812,114.95528349269442,-46820465.853658535,3.246380146871465,41.96054240395885,1
JNJ,Johnson & Johnson,2020-03-10,2020-04-09,117.30460765672768,41.207696483912805,-2.4945685097771,-2.2839272076282886,130.35935114924712,104.24986416420823,-78750047.61904761,4.514017914651271,46.944163113429504,1
JNJ,Johnson & Johnson,2020-03-25,2020-04-24,115.02125372886655,55.033465346788695,-1.1346868699570047,-1.4179734561132695,130.7895123032739,99.25299515445924,-72067260.46511628,5.703192295948092,39.15688301218696,0
JNJ,Johnson & Johnson,2020-04-09,2020-05-09,121.14680790901184,61.93811811853517,0.3832696006958057,0.0977809666125442,135.14489679501756,107.14871902300612,-41676920.93023256,5.880551092170518,28.89993533705461,0
JNJ,Johnson & Johnson,2020-04-24,2020-05-24,128.29363416588828,56.53555710298793,3.804135184913308,3.610867304465094,136.94169288791153,119.64557544386496,17343804.76190476,4.190394736059255,33.048818954341804,0
JNJ,Johnson & Johnson,2020-05-09,2020-06-08,129.59645838056292,46.41171458209951,1.0193413854137332,1.0042832813484672,133.39147687706603,125.80143988405976,-3738450.0,3.033449195386035,26.52392691358619,0
JNJ,Johnson & Johnson,2020-05-24,2020-06-23,128.40299830003218,43.35995916463474,-1.067636289771573,-0.9573269673183488,131.65021860183103,125.15577799823336,-42728856.09756097,2.512039712821797,25.36548462780657,1
JNJ,Johnson & Johnson,2020-06-08,2020-07-08,126.8634183247884,43.59516573503896,-0.641549924609415,-0.5104732911315135,131.17819029689076,122.54864635268608,2132302.5,2.6347831110650204,30.58870872639318,1
JNJ,Johnson & Johnson,2020-06-23,2020-07-23,125.35644510442556,52.50399466702029,-0.0615951506289202,-0.1354607518311958,130.3190735425269,120.39381666632434,12630543.902439024,2.4785935300491144,21.682735122393275,1
JNJ,Johnson & Johnson,2020-07-08,2020-08-07,126.29950640996296,58.81267339149926,-0.1070038691365525,-0.1793628988025296,131.38862213351328,121.21039068641268,-7746172.093023255,2.4714630364549195,18.400309753848862,1
JNJ,Johnson & Johnson,2020-07-23,2020-08-22,128.56436696052552,63.39874068118279,0.6202874427473685,0.5329019763066268,132.65064506279046,124.47808885826056,5427979.069767442,2.05431947254826,28.54169653792444,0
JNJ,Johnson & Johnson,2020-08-07,2020-09-06,130.25299901962282,59.82743537911258,0.9327767196134824,0.8058106670261583,133.56393458469725,126.94206345454832,28884006.976744182,2.031113552591878,23.81260964805616,0
JNJ,Johnson & Johnson,2020-08-22,2020-09-21,131.58646997971965,56.59338867905228,0.1155902747449581,0.1135492891993386,135.56577457655337,127.60716538288597,-5737390.243902439,2.087798122944301,15.413989855708714,0
JNJ,Johnson & Johnson,2020-09-06,2020-10-06,131.52573934034865,49.83677015918721,0.0703556544041331,0.1299902140314176,135.74201199422836,127.30946668646898,20181331.70731708,2.270962322681231,15.290174530322242,0
JNJ,Johnson & Johnson,2020-09-21,2020-10-21,130.1683821591464,46.302180956499534,-0.5841094929169875,-0.5526113346151428,133.99266197637573,126.34410234191706,2211770.7317073173,2.4285491846238445,16.64988144640014,1
JNJ,Johnson & Johnson,2020-10-06,2020-11-05,129.23988576142688,43.68366731468855,-0.2950512956274664,-0.1488024421766482,133.65548157746971,124.824289945384,13932014.285714284,2.4253045040501022,27.262598837442752,1
JNJ,Johnson & Johnson,2020-10-21,2020-11-20,127.7686668701172,48.86770369366997,-0.0504707190174849,-0.083650424131249,133.93330745990653,121.60402628032789,11433409.090909092,2.45305781683282,38.346489937870814,1
JNJ,Johnson & Johnson,2020-11-05,2020-12-05,127.12233959833782,50.32419139674061,-0.0763313799050521,-0.1333860687721167,134.3210984252073,119.92358077146832,2114346.511627907,2.27757700187604,32.52064266466071,1
JNJ,Johnson & Johnson,2020-11-20,2020-12-20,129.17340500873073,63.85365865429974,0.614237126221126,0.4517451978948534,135.4493897160518,122.89742030140955,13377088.095238095,2.17116928547335,24.042001313106315,1
JNJ,Johnson & Johnson,2020-12-05,2021-01-04,131.9990790939331,61.08466019999017,1.6666371150718418,1.4657395891803395,137.05231978188584,126.94583840598038,34532512.820512824,2.2489423482194404,13.843918787804188,1
JNJ,Johnson & Johnson,2020-12-20,2021-01-19,135.4198053058825,67.32157851123873,1.336462008589631,1.092977993726294,140.7249483385271,130.1146622732379,40342860.526315786,2.0238013538820185,13.100377533717356,1
JNJ,Johnson & Johnson,2021-01-04,2021-02-03,139.74961456298828,68.31838799477414,1.5787971754971368,1.3041844644533118,145.8908074090886,133.60842171688796,25560133.33333333,2.2711070562437303,16.338275705807803,0
JNJ,Johnson & Johnson,2021-01-19,2021-02-18,143.54947956085203,63.334335267215096,1.4218727405135234,1.2485277388919327,149.66563310641047,137.43332601529363,2031746.1538461533,2.4601367294959053,26.288593024681347,0
JNJ,Johnson & Johnson,2021-02-03,2021-03-05,145.2367479075556,52.24908389949424,0.9266940086885562,0.9390287513119572,150.4083759185264,140.06511989658483,500069.0476190476,2.6193927480456143,29.191037291687344,1
JNJ,Johnson & Johnson,2021-02-18,2021-03-20,144.5099277496338,44.74371333700636,-0.1696841472290162,-0.0998419249544267,149.57976027669417,139.44009522257343,-9213695.34883721,2.606177851010853,31.59416137259288,1
JNJ,Johnson & Johnson,2021-03-05,2021-04-04,143.03884273875843,52.4466705955074,0.1993235484822985,0.1449164982867355,148.27399759934235,137.80368787817454,29767346.341463413,2.236813009356845,45.49250740141391,1
JNJ,Johnson & Johnson,2021-03-20,2021-04-19,143.49636185385964,57.65950046159761,-0.4403184841460167,-0.4563710884303773,147.63943258652253,139.35329112119678,-10160475.609756095,2.285667999205287,35.38842879498678,1
JNJ,Johnson & Johnson,2021-04-04,2021-05-04,145.06867100108752,59.58203216129076,0.9466809132578848,0.8696101226689478,148.72051746922116,141.41682453295397,20231336.58536585,2.235597926757092,22.594629680116668,1
JNJ,Johnson & Johnson,2021-04-19,2021-05-19,146.4408837751909,56.4617607009809,0.704901201161265,0.5625876907151801,150.6205303769885,142.26123717339317,13923504.87804878,2.139653240630877,21.202873339293173,0
JNJ,Johnson & Johnson,2021-05-04,2021-06-03,148.51568228680154,60.78286611031662,0.6270235054463266,0.5072304565967882,152.9542181777791,144.077146395824,14243702.38095238,1.985486862664678,17.175191243636064,1
JNJ,Johnson & Johnson,2021-05-19,2021-06-18,150.32436230977376,51.89168302033805,0.6984939754869613,0.7116837488513575,154.35918670945156,146.28953791009596,11286546.511627909,2.0938069211075705,35.88130667096246,1
JNJ,Johnson & Johnson,2021-06-03,2021-07-03,149.6560753504435,44.297369223461565,-0.1640734076885912,-0.100817505889371,152.94946314159603,146.362687559291,-7162248.837209302,1.92111650263984,60.24560747707448,1
JNJ,Johnson & Johnson,2021-06-18,2021-07-18,148.6597871607,50.37763501967741,-0.367574277269287,-0.4160284462325853,152.3575410511837,144.96203327021635,-27259736.58536585,1.7816253803271158,54.96107056066001,1
JNJ,Johnson & Johnson,2021-07-03,2021-08-02,149.7061221036044,60.37287664518213,0.297467626016881,0.1786616990767987,153.63718854959222,145.77505565761663,-9407700.0,1.7812344488292389,31.35662053416341,1
JNJ,Johnson & Johnson,2021-07-18,2021-08-17,152.41635183854535,70.12412785927238,1.2991826536174504,1.126959282886373,156.36856547629318,148.46413820079752,30813258.536585364,1.6753626701224251,18.218073702894337,0
JNJ,Johnson & Johnson,2021-08-02,2021-09-01,155.4813836877996,67.18031452124578,0.9184696570096406,0.7939545359794302,159.52276003692202,151.44000733867722,21503982.926829267,1.6777541889972436,16.024314419053145,0
JNJ,Johnson & Johnson,2021-08-17,2021-09-16,157.07386341924249,55.36617051208591,0.9893662377187687,1.030574892905688,161.6207036152387,152.52702322324637,47138435.71428572,1.8372503710050856,24.015689737185543,0
JNJ,Johnson & Johnson,2021-09-01,2021-10-01,155.33556032180786,35.27328747016541,-0.3289676682526781,-0.1286519654135681,161.45446344898596,149.2166571946298,-1119241.8604651163,1.7107004727053712,51.72620421644723,1
JNJ,Johnson & Johnson,2021-09-16,2021-10-16,150.62464256286623,25.95796698534196,-1.9476893095403247,-1.706914820156585,156.89096210162043,144.358323024112,-52321953.488372095,1.999576360702996,52.067079873205245,1
JNJ,Johnson & Johnson,2021-10-01,2021-10-31,147.05490974757984,37.79585720392485,-1.548268083268135,-1.4810139036891092,151.48162747227371,142.6281920228859,-45346469.047619045,2.037298544337112,27.284073629386825,0
JNJ,Johnson & Johnson,2021-10-16,2021-11-15,146.4602460446565,50.11718622118298,-0.3202684124102169,-0.3461698456992982,150.0928637101141,142.8276283791989,-30475261.904761903,2.136631485546576,21.81810860561972,1
JNJ,Johnson & Johnson,2021-10-31,2021-11-30,147.28111090226605,53.273207944032144,0.3363257578879858,0.3349786213853266,150.13873597239382,144.42348583213828,8632036.585365854,2.2686726280268457,37.57702478380354,1
JNJ,Johnson & Johnson,2021-11-15,2021-12-15,147.13937905051492,48.92409716397326,0.3769184183820159,0.333972714121325,150.38314706529562,143.89561103573422,7587082.926829268,2.284718443130407,51.571978325244565,0
JNJ,Johnson & Johnson,2021-11-30,2021-12-30,147.86499935496934,55.86170248393063,0.4289094140314562,0.2591724988003103,154.18019816271007,141.54980054722864,-2769656.097560976,2.528432148348052,32.16687663261567,1
JNJ,Johnson & Johnson,2021-12-15,2022-01-14,151.44187897391942,62.9999313988254,0.8527991763898451,0.6810794792215034,158.02163048096455,144.8621274668742,16614659.523809524,2.1810937507330785,18.37906453310851,0
JNJ,Johnson & Johnson,2021-12-30,2022-01-29,153.98967179008153,54.813675987996085,1.804631965379593,1.7642613659813495,159.01938122143176,148.95996235873125,35799309.52380952,2.4384144493996422,25.55098348260812,0
JNJ,Johnson & Johnson,2022-01-14,2022-02-13,154.30747860995206,50.84625454181462,-0.1793170616491635,-0.1990137562174335,159.24431687124414,149.37064034865998,-28669934.14634146,2.3500637961032664,24.262544044051022,1
JNJ,Johnson & Johnson,2022-01-29,2022-02-28,153.86081299554735,42.57562976038809,-0.5642975997306998,-0.445102819039521,159.47404188658874,148.24758410450593,-46097180.0,2.30157667273488,39.49373321992129,1
JNJ,Johnson & Johnson,2022-02-13,2022-03-15,152.85290643601195,48.28745399330157,0.0102724312652497,-0.0179747472033886,159.07199222736529,146.63382064465853,-34450060.0,2.759752181288139,49.50172825265371,1
JNJ,Johnson & Johnson,2022-02-28,2022-03-30,153.73455651023173,53.21703442663266,-0.071936345280997,-0.2480385082429494,161.20841008654682,146.26070293391658,-46864939.02439024,2.74129808864284,32.887530889909826,1
JNJ,Johnson & Johnson,2022-03-15,2022-04-14,157.9132758430813,64.93762284029019,1.4967238086232726,1.2463230159018523,164.8140151972594,151.01253648890318,-2473747.619047619,2.966029670085036,34.718978379291485,0
JNJ,Johnson & Johnson,2022-03-30,2022-04-29,162.0224155743917,63.41187685690736,2.0053424210497424,1.787526881729797,167.35881639074458,156.6860147580388,27939462.790697675,2.84702389398458,34.35843237317401,0
JNJ,Johnson & Johnson,2022-04-14,2022-05-14,164.71950664520264,53.39827556365599,0.5027573365164297,0.5173408071875113,169.49306513246725,159.94594815793803,-10390030.23255814,2.865775460534969,32.00934096681965,0
JNJ,Johnson & Johnson,2022-04-29,2022-05-29,164.7617067751677,48.69817907888433,-0.0688950352922229,-0.0368136730058191,169.74517379885646,159.77823975147902,-8608269.047619049,2.9031534218934643,22.804927561841684,1
JNJ,Johnson & Johnson,2022-05-14,2022-06-13,163.65999443417505,46.857506976911225,-0.1452334237402929,-0.1160950651496339,168.4362642821547,158.88372458619537,-26726460.0,3.035391256077653,19.428451535109843,1
JNJ,Johnson & Johnson,2022-05-29,2022-06-28,162.65382984706335,46.13941423948972,-0.5622467704944597,-0.4853620611747237,168.30514756743165,157.002512126695,-38480370.0,3.011760876346648,22.54270580770725,0
JNJ,Johnson & Johnson,2022-06-13,2022-07-13,161.82016136169435,49.5260719789157,-0.0625776875979832,-0.1106103019283957,169.33769276325157,154.30262996013715,-22812312.82051282,3.090534742459233,25.302766707065626,0
JNJ,Johnson & Johnson,2022-06-28,2022-07-28,162.18635046822686,47.164152582060645,-0.5899076349509571,-0.5090935235963066,168.94785102932124,155.42484990713243,-15576962.5,3.1342687154361,45.57820898759524,0
JNJ,Johnson & Johnson,2022-07-13,2022-08-12,161.51399874479873,44.8978979166293,0.4452353285694,0.5142728739778377,166.74048222510376,156.28751526449375,28676366.666666668,2.8422483274191075,53.7931963704445,0
JNJ,Johnson & Johnson,2022-07-28,2022-08-27,158.95391845703125,36.30017580149336,-0.8715175380700565,-0.7126478001244838,163.8317674027945,154.076069511268,10942916.279069768,2.744319683257197,24.214794733139883,1
JNJ,Johnson & Johnson,2022-08-12,2022-09-11,156.09919450179387,38.70600433139151,-1.0809822226209949,-0.9237961780848536,160.8169514323208,151.381437571267,-16252861.904761905,2.4855521626914725,23.26930095036571,0
JNJ,Johnson & Johnson,2022-08-27,2022-09-26,153.65492102883078,42.71168670107346,-1.1146355434804238,-1.040701760246405,157.7006516958161,149.60919036184544,-23017536.58536585,2.4875955714926508,29.22193848877316,1
JNJ,Johnson & Johnson,2022-09-11,2022-10-11,152.7857216228138,48.19878583257706,0.0742823388425908,0.095607752097343,156.05147368617045,149.5199695594572,8942629.268292682,2.4692583069788023,20.79676344913592,1
JNJ,Johnson & Johnson,2022-09-26,2022-10-26,152.6317285711115,51.26539829388047,0.2379869895419274,0.1946828764265718,156.13362684810943,149.1298302941136,719651.2195121951,2.604352080522892,14.736652729287346,1
JNJ,Johnson & Johnson,2022-10-11,2022-11-10,153.7892273902893,58.146771345611135,0.35935316320212,0.1953117686572116,159.36995923943573,148.20849554114287,-1042525.5813953488,2.729624539511288,12.451478343598366,1
JNJ,Johnson & Johnson,2022-10-26,2022-11-25,156.75161479314167,62.20261726664578,0.7557232643195931,0.5854053699918838,162.70559128380077,150.79763830248257,-14532581.395348838,2.695253503207967,23.59386536843513,1
JNJ,Johnson & Johnson,2022-11-10,2022-12-10,160.64372326533,65.59807318208475,1.7553019236209817,1.5549863988360708,165.96875731356843,155.31868921709156,25762709.30232558,2.673039309618728,43.09578821580832,1
JNJ,Johnson & Johnson,2022-11-25,2022-12-25,163.61625976562502,58.89184047651125,0.7316509137384303,0.6474005173862236,167.9211981002596,159.31132143099046,42692952.38095238,2.32438848000541,53.09649529465853,0
JNJ,Johnson & Johnson,2022-12-10,2023-01-09,165.23757659912104,56.904796266735815,0.5697961300722261,0.5106033313314448,168.19893698356606,162.27621621467614,46798466.66666666,2.408397760571605,42.34279966237003,0
JNJ,Johnson & Johnson,2022-12-25,2023-01-24,165.15553230285644,45.17704975886959,-0.1849682696775585,-0.0701774938246894,168.49791169385608,161.8131529118569,11563187.17948718,2.0087175300001503,39.92947999281424,0
JNJ,Johnson & Johnson,2023-01-09,2023-02-08,162.29694553375242,32.53533381727187,-1.0217872301833355,-0.7429982828947612,168.9161637454957,155.67772732200916,-27951717.948717948,2.2729370181693462,46.3354200989122,0
JNJ,Johnson & Johnson,2023-01-24,2023-02-23,157.20272254943848,26.65333639050857,-1.7258996159632396,-1.4204010014289543,164.5835137978957,149.82193130098125,-39209589.743589744,2.256898230618613,23.331692545003406,0
JNJ,Johnson & Johnson,2023-02-08,2023-03-10,152.24237614507263,28.44621423822888,-2.17842208833656,-1.8870435088330044,158.49336028175026,145.99139200839497,-72618647.61904761,2.473352506605502,17.47833344155086,1
JNJ,Johnson & Johnson,2023-02-23,2023-03-25,147.76730683644612,34.92533680312901,-1.666998636394056,-1.4872434486756412,152.95425283170763,142.5803608411846,-38355739.53488372,2.4420169208387823,18.135191764170504,1
JNJ,Johnson & Johnson,2023-03-10,2023-04-09,145.03019364096903,43.949564878483,-1.1768532601296289,-1.1563633808605636,149.14885485988736,140.91153242205073,-49713617.07317073,2.0678608135341694,17.64305284607811,0
JNJ,Johnson & Johnson,2023-03-25,2023-04-24,146.1005629452792,60.41721068431458,0.0980721252773375,-0.1162481314263939,152.58769422700064,139.61343166355775,-17531500.0,2.094418628912228,18.807901730528737,0
JNJ,Johnson & Johnson,2023-04-09,2023-05-09,150.62152945778587,62.37754866036882,1.4710641505193394,1.3062792602308562,158.22874493238325,143.01431398318852,28400743.902439024,2.2677064186388125,20.671496152632347,0
JNJ,Johnson & Johnson,2023-04-24,2023-05-24,152.90412399985573,47.80489074963037,1.2354319159103002,1.2485132482086108,157.0976870466557,148.71056095305582,10492104.87804878,2.0193917842107,25.298900882917906,1
JNJ,Johnson & Johnson,2023-05-09,2023-06-08,151.54043632175612,34.639138967297114,-0.6756827498610628,-0.5487033587329686,155.17117803587186,147.90969460764038,-30976111.904761903,1.8805517197902863,27.65034194380032,1
JNJ,Johnson & Johnson,2023-05-24,2023-06-23,149.97229265959365,45.56161049965736,-0.4808015330618401,-0.5379667996916327,154.49609023710684,145.44849508208043,-14774592.857142856,1.819014891477392,18.614753776125774,1
JNJ,Johnson & Johnson,2023-06-08,2023-07-08,151.07051998485218,60.12274393717252,0.2137872124218701,0.0974348052330516,156.15198952499748,145.98905044470692,-23819268.292682927,1.7889791084474225,17.026400800810514,1
JNJ,Johnson & Johnson,2023-06-23,2023-07-23,153.2364990234375,60.0491420565,0.6999572292863547,0.6730519408423385,158.5340390122492,147.93895903462584,2525985.0,1.8253319238246333,41.50548945492594,0
JNJ,Johnson & Johnson,2023-07-08,2023-08-07,154.612119220552,56.3055593678921,0.7710188342142658,0.5648581065830536,162.1596725928368,147.0645658482672,1518905.0,2.116836129558067,36.54334404968152,0
JNJ,Johnson & Johnson,2023-07-23,2023-08-22,158.1765696785667,58.65991461003615,0.5589730566878098,0.3760542396188823,167.0943996033602,149.2587397537732,-13555153.658536583,2.517935297537756,16.209451744000585,0
JNJ,Johnson & Johnson,2023-08-07,2023-09-06,160.8561609094793,52.07542005307065,1.3535988677867845,1.3854342578556855,168.18269426788956,153.52962755106913,-86852668.29268293,2.765970385171885,24.263626676113727,0
JNJ,Johnson & Johnson,2023-08-22,2023-09-21,159.1458785015604,40.022089433137765,-0.7526418165699983,-0.5954001427203979,165.61405628483683,152.6777007182839,-214249302.3809524,2.843110617241296,31.666409504150906,0
JNJ,Johnson & Johnson,2023-09-06,2023-10-06,155.5728213310242,34.44242784955608,-1.5038040750395345,-1.300591731438677,161.41358653388954,149.7320561281588,-408951727.9069768,2.611094682232419,21.47015325048028,0
JNJ,Johnson & Johnson,2023-09-21,2023-10-21,152.53488012949626,37.8500444604593,-0.9413914828090644,-0.8000557742380561,157.08205092147725,147.98770933751527,-68694106.97674419,2.2631229626298524,21.25799277444598,0
JNJ,Johnson & Johnson,2023-10-06,2023-11-05,149.57470887502032,32.05141289657447,-0.5235749045491185,-0.3192945329285298,155.11299766315366,144.03642008688703,-9716862.790697675,2.133994177033382,19.107553970013,1
JNJ,Johnson & Johnson,2023-10-21,2023-11-20,145.9486667798913,36.68274919708573,-1.5237274995408332,-1.3499861057521054,151.40913854943244,140.48819501035018,-35422052.38095238,2.014697806280842,30.3152223247674,1
JNJ,Johnson & Johnson,2023-11-05,2023-12-05,143.68944490606134,47.69010115086371,-0.9457721556253016,-0.9680406278950172,148.68337327721963,138.69551653490305,-4723939.024390244,1.9963155300428503,41.83485078872591,1
JNJ,Johnson & Johnson,2023-11-20,2023-12-20,145.12788047790528,62.44463677545805,0.4114415025123751,0.2577011237972968,150.66720269163,139.5885582641805,22790290.24390244,2.012166212482133,29.16153159075441,1
JNJ,Johnson & Johnson,2023-12-05,2024-01-04,148.0641222635905,62.86242429463446,0.647902495176988,0.5291370197288741,153.47485040259187,142.6533941245891,22680927.5,1.876275461885584,42.3558330308824,0
JNJ,Johnson & Johnson,2023-12-20,2024-01-19,150.5240696498326,63.51198323172816,1.2339138608078266,1.056357864345161,154.95648028163734,146.09165901802783,42925780.0,1.974062792047374,45.15794766014182,0
JNJ,Johnson & Johnson,2024-01-04,2024-02-03,152.7855887326327,58.01560292732919,0.126498645813521,0.0911939150954571,156.99610484662267,148.57507261864274,26792724.390243903,1.92474334477203,15.751005237739172,1
JNJ,Johnson & Johnson,2024-01-19,2024-02-18,153.54493291945684,50.10869674271542,0.8340042235503141,0.8585942719878391,157.0172815596342,150.0725842792795,35144735.0,1.9745231135032784,15.28759139197139,1
JNJ,Johnson & Johnson,2024-02-03,2024-03-04,152.84567409697033,46.26071990701407,-0.198016800688385,-0.232968525544552,156.4095152239404,149.28183297000027,472557.5,1.8918149469298,21.480145145423105,0
JNJ,Johnson & Johnson,2024-02-18,2024-03-19,153.32625673467462,53.17980070629283,-0.1932648151858852,-0.2369952908297274,157.304725723977,149.34778774537224,-28065419.51219512,2.035653133358797,19.31768945476195,0
JNJ,Johnson & Johnson,2024-03-04,2024-04-03,154.19232177734375,51.16312584958649,0.574623823887012,0.5997506297708778,158.46268166975355,149.92196188493395,-2194785.0,1.966938018236948,33.830465294251006,0
JNJ,Johnson & Johnson,2024-03-19,2024-04-18,152.4423868352717,34.32279214391819,-0.4127060170289591,-0.195307086326378,157.54506383417586,147.3397098363675,-12278039.024390245,1.922086207421984,23.708434009997617,1
JNJ,Johnson & Johnson,2024-04-03,2024-05-03,148.57206201553345,31.02334290454576,-1.3293921507331237,-1.121881612045861,155.07084118522377,142.07328284584312,-41230430.23255814,2.170935057891057,16.85143818170846,0
JNJ,Johnson & Johnson,2024-04-18,2024-05-18,144.95616318384808,41.26254666350929,-0.9575103149025872,-0.9369122719515414,150.8938862925924,139.0184400751037,-27127379.06976744,2.0319821864468817,20.65287313546222,0
JNJ,Johnson & Johnson,2024-05-03,2024-06-02,144.4679304371709,51.40693351326147,-0.6555493833597092,-0.650476036659658,149.15629303261107,139.77956784173085,-1523345.238095238,2.3546209785527537,24.8024095337907,0
JNJ,Johnson & Johnson,2024-05-18,2024-06-17,145.23337450894442,49.79555716629624,0.5044060247429516,0.5360128722944602,150.55100232117013,139.91574669671877,37874241.46341463,2.3526771394772155,26.66191714898167,1
JNJ,Johnson & Johnson,2024-06-02,2024-07-02,144.27677583240327,46.58450658938198,-0.1176887499903763,-0.0811130343795418,148.6377371272393,139.9158145375672,56892565.0,1.9222333234447568,23.860237450874315,1
JNJ,Johnson & Johnson,2024-06-17,2024-07-17,143.35989597320557,50.255690258058166,-0.6647932192715055,-0.6618695968955681,146.09301780149906,140.62677414491208,31633841.025641024,2.170131222445657,27.87833356639212,1
JNJ,Johnson & Johnson,2024-07-02,2024-08-01,145.0511772849343,61.36419993072406,0.5152414690258768,0.27618558200958193,150.24618751738,139.8561670524886,39895624.3902439,2.105864733784826,20.86967903683181,1
