Ticker,Company,StartDate,EndDate,Simple Moving Average,Relative Strength Index,Moving Average Convergence Divergence,Moving Average Convergence Divergence Signal,Bollinger Upper Band,Bollinger Lower Band,On-Balance Volume,Average True Range,Average Directional Index,Reddit Sentiment Score,Avg Sentiment,Sentiment Std,Number of Mentions,Max Absolute Sentiment,Output
JNJ,Johnson & Johnson,2016-04-30,2016-05-30,87.83275758494500,66.41520190490290,0.5723820865102630,0.5212202942493490,89.6929736985513,85.97254147133870,1613150.0,0.9035184095415230,22.7930071419461,0.0,0.0,0.0,0.0,0.0,4.065116882324220
JNJ,Johnson & Johnson,2016-05-15,2016-06-14,88.74157102758240,60.63954873029550,0.5007778951913830,0.4309957827801950,90.16296803738900,87.32017401777560,-12736207.31707320,0.9027313519970900,21.490786261781700,0.0,0.0,0.0,0.0,0.0,4.882858276367190
JNJ,Johnson & Johnson,2016-05-30,2016-06-29,89.80433177948000,63.49957198411830,0.394778103617994,0.3248596703205440,91.8829736972906,87.72568986166940,-13344185.365853700,0.8437979820023610,17.764654359289500,7.8176,0.9772,0.0,1.0,0.9772,4.898612976074220
JNJ,Johnson & Johnson,2016-06-14,2016-07-14,91.49759968844330,70.99996600506380,0.5321655369197100,0.3927726465222880,94.4984685729688,88.49673080391780,10526658.536585400,0.966769862645958,16.716835677433500,5.8632,0.9772,0.0,1.0,0.9772,0.1729965209960940
JNJ,Johnson & Johnson,2016-06-29,2016-07-29,93.994307028729,75.82104301676880,1.0637998714749100,0.911191824014392,97.5800445471219,90.40856951033610,54179869.047619000,0.9893069874316800,11.42415069656840,0.4939,0.4939,,1.0,0.4939,-3.637252807617190
JNJ,Johnson & Johnson,2016-07-14,2016-08-13,96.40753051439920,70.62197000096970,0.7429031477370680,0.6762379219853760,99.30232382422890,93.51273720456950,31908223.25581400,0.9548320277256190,10.02514540958860,1.321,0.6605,0.2356079794913580,2.0,0.8271,-3.30340576171875
JNJ,Johnson & Johnson,2016-07-29,2016-08-28,97.29939656464950,51.13515380848510,0.4213838184219050,0.4644474040489700,99.31987417777980,95.27891895151920,20451047.61904760,0.8833613352549420,18.99262215095110,0.8271,0.8271,,1.0,0.8271,-0.997283935546875
JNJ,Johnson & Johnson,2016-08-13,2016-09-12,96.38998189405960,35.48479830564380,-0.2000362475525010,-0.1332433413392380,98.65745939966390,94.12250438845530,-23951948.78048780,0.8220577380621680,18.951992350305000,-1.8519,-0.37038,0.0728510947069431,2.0,0.5007,-0.4669723510742190
JNJ,Johnson & Johnson,2016-08-28,2016-09-27,94.8306444341486,36.349757784728700,-0.6275103427963130,-0.5657970869187460,96.62508589388160,93.03620297441570,-42575924.3902439,0.7982132619041530,17.216290007681800,-1.8519,-0.37038,0.0728510947069431,2.0,0.5007,-2.548736572265630
JNJ,Johnson & Johnson,2016-09-12,2016-10-12,94.04781792380590,46.46946498165310,-0.3400455605075080,-0.3233297687434080,95.1748056894843,92.92083015812760,-24866209.756097600,0.9248763665135880,20.68022962873450,279.4091000000000,0.8390663663663650,0.3648303014627090,16.0,0.9983,1.5039138793945300
JNJ,Johnson & Johnson,2016-09-27,2016-10-27,93.67614061106800,44.01435656641030,-0.275852815752499,-0.2084787800842290,95.2866267059298,92.06565451620630,-4232635.714285720,0.9380914856689500,40.4885866731795,365.2387999999970,0.8634486997635870,0.3488242699010520,17.0,0.9983,0.2839279174804690
JNJ,Johnson & Johnson,2016-10-12,2016-11-11,92.84234541320800,45.388581322762100,-0.3147318225294840,-0.2802551595471220,95.23061154687240,90.45407927954370,17526959.09090910,1.112470248326040,48.86384892283620,127.66350000000000,0.9973710937500000,5.34662212151197E-05,3.0,0.9975,-5.148353576660160
JNJ,Johnson & Johnson,2016-10-27,2016-11-26,92.04034158388770,46.11005826755510,-0.3390678070331820,-0.318123241690408,94.9889537340063,89.09172943376920,28592527.906976700,1.1768605141216900,48.79317780498680,59.838800000000100,0.9973133333333340,5.03097748586687E-05,3.0,0.9975,1.458526611328130
JNJ,Johnson & Johnson,2016-11-11,2016-12-11,91.6045287422512,43.758605116975800,-0.3841208286080860,-0.3116619686294610,94.6738763733279,88.53518111117450,769057.1428571430,1.1758110555418600,49.08964296738720,14.959500000000000,0.9973000000000000,3.44757002617224E-16,1.0,0.9973,3.2039794921875
JNJ,Johnson & Johnson,2016-11-26,2016-12-26,90.96843391765250,47.16974686906770,-0.0921240656754349,-0.1023428204876030,94.11800236380180,87.81886547150320,-15621980.48780490,1.186139043770330,31.756611987058800,7.729200000000000,0.8588000000000000,0.0,1.0,0.8588,-3.3474273681640600
JNJ,Johnson & Johnson,2016-12-11,2017-01-10,90.85002855300900,53.368006529742500,-0.3774886558185780,-0.4011895274406460,93.68920512528080,88.01085198073730,-33682443.58974360,1.0764086282113000,14.76864738389610,33.6288,0.8849684210526320,0.2200131336439210,7.0,0.9997,-2.295379638671880
JNJ,Johnson & Johnson,2016-12-26,2017-01-25,91.68699138641360,55.45636273404600,0.2384897346963230,0.2271015234452210,93.60437314365100,89.76960962917620,-22325584.615384600,0.9908193921211600,23.99135454062340,27.400800000000000,0.8838967741935490,0.2424879165152650,6.0,0.9997,7.922218322753910
JNJ,Johnson & Johnson,2017-01-10,2017-02-09,91.55862275986440,41.78323550396320,-0.1430757295213390,-0.0993312439597083,93.151931134818,89.9653143849109,-33133502.5,1.079390248886500,35.00027160257000,23.5851,0.8735222222222220,0.3171463315900500,5.0,0.995,10.875205993652300
JNJ,Johnson & Johnson,2017-01-25,2017-02-24,91.06169166564940,53.505496200832200,-0.1178620810090170,-0.1717240576713100,93.38754215607540,88.73584117522350,-32271255.0,0.8784622004328970,37.19167907957680,23.5851,0.9071192307692310,0.270017620194284,5.0,0.995,3.6744232177734400
JNJ,Johnson & Johnson,2017-02-09,2017-03-11,92.717628843888,74.39429356671700,0.375072154945836,0.1879932913527000,96.95069342310780,88.48456426466820,-11986159.523809500,1.0084182147780700,14.728113775352300,0.0,0.0,0.0,0.0,0.0,-1.034942626953130
JNJ,Johnson & Johnson,2017-02-24,2017-03-26,96.47174088851260,86.70140852809250,1.3428419689563800,1.130204821745960,101.84992908494000,91.0935526920848,48139407.14285710,1.0437148171013500,8.61771662245636,0.0,0.0,0.0,0.0,0.0,-2.077919006347660
JNJ,Johnson & Johnson,2017-03-11,2017-04-10,99.95190474770280,65.98149231185520,1.459539419317480,1.370349434001570,103.78639755807500,96.11741193733080,55009397.56097560,1.0586034392643400,12.37829603033300,0.0,0.0,0.0,0.0,0.0,-1.3719253540039100
JNJ,Johnson & Johnson,2017-03-26,2017-04-25,100.7529321497140,45.57734851577830,0.2686443246925390,0.3005141321020530,103.12770463969600,98.37815965973110,-7000539.024390240,1.0098077838282000,32.62588537489700,0.0,0.0,0.0,0.0,0.0,3.7065277099609400
JNJ,Johnson & Johnson,2017-04-10,2017-05-10,99.86599332636050,36.55886248690340,-0.335887836941593,-0.2917554467769590,101.92910259268300,97.80288406003850,-37487536.585365900,0.9243599743747970,29.13369018572840,0.0,0.0,0.0,0.0,0.0,6.583290100097660
JNJ,Johnson & Johnson,2017-04-25,2017-05-25,99.35519082442580,52.6829997424276,-0.1635085272739110,-0.2040649720961180,101.56065361131600,97.14972803753580,-19249719.04761910,0.8561539478228140,16.826101028566700,15.837100000000000,0.98981875,0.0122143204886723,2.0,0.9955,7.88214111328125
JNJ,Johnson & Johnson,2017-05-10,2017-06-09,100.28413374527600,67.33987719564580,0.2874603221824340,0.1723850601681940,103.18870315141700,97.37956433913550,6536461.904761910,0.9109363722429150,18.463576074470700,344.74160000000000,0.9292226415094350,0.1421068042364650,4.0,0.9955,1.607086181640630
JNJ,Johnson & Johnson,2017-05-25,2017-06-24,102.80863347053500,81.03883132216170,0.8518945805961210,0.6810454782744410,106.54771447070500,99.06955247036520,35985179.069767400,0.8542910477955970,11.609297526171900,332.7785000000000,0.9295488826815650,0.1410543651728730,2.0,0.9788,-0.9045257568359380
JNJ,Johnson & Johnson,2017-06-09,2017-07-09,105.68324709805600,78.38250735176030,1.288250737252640,1.1580761585332300,109.36586246926300,102.00063172684800,68230787.80487810,1.018512054163730,8.163133455513460,0.0,0.0,0.0,0.0,0.0,0.2584457397460940
JNJ,Johnson & Johnson,2017-06-24,2017-07-24,107.54995444161600,63.21441380924970,0.7066555641107880,0.6606862801100680,110.60408741352000,104.49582146971100,47072805.0,1.0450548726979600,15.690030276001100,0.0,0.0,0.0,0.0,0.0,-0.4926834106445310
JNJ,Johnson & Johnson,2017-07-09,2017-08-08,107.59712883342400,47.964435212995600,0.1921384752687030,0.2002441653429540,110.11490208470900,105.07935558213900,32423980.48780490,1.170197323891460,15.781494478239700,-1.9874,-0.1987400000000000,0.2281937393239930,4.0,0.4678,-1.0973587036132800
JNJ,Johnson & Johnson,2017-07-24,2017-08-23,107.33304129513800,51.11019572208710,-0.4258139316801790,-0.4168094745326140,109.55702521506400,105.1090573752130,-23979880.48780490,1.2234462149462000,9.716896615208950,24.094500000000000,0.4724411764705880,0.4147792652370510,16.0,0.9569,-1.7055511474609400
JNJ,Johnson & Johnson,2017-08-08,2017-09-07,107.371468651813,50.33360585414600,0.1681065595008620,0.1710782823688140,109.02411868942200,105.718818614204,-7912245.238095240,1.2331299453892400,20.11472112333950,27.1649,0.590541304347826,0.2621499084078820,12.0,0.9569,2.072494506835940
JNJ,Johnson & Johnson,2017-08-23,2017-09-22,107.39203228950500,52.82361691794650,0.0214340988307595,-0.0049667989680359,108.89264082424200,105.89142375476800,-12538200.0,1.271094393894850,47.42954930120390,-3.7986,-0.6331000000000000,1.21618838889762E-16,1.0,0.6331,8.655670166015630
JNJ,Johnson & Johnson,2017-09-07,2017-10-07,107.42665487925200,48.42736894454980,0.078863712324992,0.0881373675813105,109.6502607168530,105.20304904165200,7028062.790697670,1.220386529603760,32.95170288876190,48.83260000000010,0.7876225806451620,0.5513004207398950,2.0,0.9981,5.575355529785160
JNJ,Johnson & Johnson,2017-09-22,2017-10-22,107.8137841100280,59.40151895444150,0.2324684443827610,0.1226969142455800,111.18985031746000,104.43771790259500,11395542.857142900,1.201062853045830,25.947094628495400,49.99560000000000,0.892778571428572,0.3831784586440520,2.0,0.9981,-3.6329345703125
JNJ,Johnson & Johnson,2017-10-07,2017-11-06,109.71976941979400,65.05536644436950,0.6628483772953090,0.5060740181759810,114.75797342536400,104.68156541422500,6383292.857142860,1.463570176783830,20.13748850010150,16.48080000000000,0.7848000000000000,0.527597812732388,2.0,0.995,0.3619232177734380
JNJ,Johnson & Johnson,2017-10-22,2017-11-21,112.715187022997,63.026707825023400,0.9692576778800520,0.8973745883758310,117.34104722238900,108.0893268236050,15347961.904761900,1.2751020934505600,14.680908499208800,38.12330000000000,0.7624660000000000,0.3663361173310990,8.0,0.995,3.32769775390625
JNJ,Johnson & Johnson,2017-11-06,2017-12-06,113.74539396112600,48.23019598401510,0.7831307976877240,0.7585291784727470,116.09030732410900,111.40048059814300,12486743.902439000,1.3855904631811500,14.403245381082800,21.0428,0.6376606060606060,0.398947094659331,8.0,0.9938,0.7196273803710940
JNJ,Johnson & Johnson,2017-11-21,2017-12-21,113.69818151722800,49.980605671954900,-0.3608934771074650,-0.3982034599005720,115.94242156179500,111.45394147266000,-21283161.904761900,1.443138747035350,19.41555916463930,2.6379,0.8793000000000000,0.043128065108465,2.0,0.9042,5.069816589355470
JNJ,Johnson & Johnson,2017-12-06,2018-01-05,114.396767616272,54.621005745358600,0.1837556246686260,0.1574834597881510,116.66255090441100,112.13098432813300,-4869121.951219510,1.2380804356173700,44.22674940045380,1.8084,0.9042,0.0,1.0,0.9042,-2.3468246459960900
JNJ,Johnson & Johnson,2017-12-21,2018-01-20,115.46220859345900,61.00132665896640,0.5849319147111190,0.4789571018534110,117.9172515578900,113.00716562902900,7026282.5,1.2795808690551900,56.07074623727920,0.0,0.0,0.0,0.0,0.0,-11.619728088378900
JNJ,Johnson & Johnson,2018-01-05,2018-02-04,116.57360016959100,57.04345135208640,0.2764031134284390,0.2504741978774400,120.24330140575700,112.9038989334240,11281867.5,1.3976922884695400,43.08626990387300,5.913,0.9855,0.0,1.0,0.9855,-5.772148132324220
JNJ,Johnson & Johnson,2018-01-20,2018-02-19,115.88849676132200,49.638481634153200,-0.3591116181108140,-0.1139960821298480,123.38793600685800,108.38905751578600,10592456.41025640,1.799121230993040,44.54964312948360,5.913,0.9855,0.0,1.0,0.9855,-0.8993148803710940
JNJ,Johnson & Johnson,2018-02-04,2018-03-06,111.81133742559500,38.93837631879170,-0.9669091585183130,-0.7585686362888450,120.280393207326,103.34228164386400,25892905.0,2.275435629524560,57.60789137733650,0.0,0.0,0.0,0.0,0.0,0.5102310180664060
JNJ,Johnson & Johnson,2018-02-19,2018-03-21,108.10159953724300,44.25191697947250,-2.0223729362931300,-1.9355633190153200,113.26992035766300,102.93327871682200,-17602980.48780490,2.547080186013770,38.92248184009630,0.0,0.0,0.0,0.0,0.0,-3.011993408203130
JNJ,Johnson & Johnson,2018-03-06,2018-04-05,107.25394450101000,49.61307824661740,0.0357161417248851,0.0802971357728231,110.83403901638000,103.67384998564000,19716365.85365850,3.161358060244740,20.012337170202500,0.0,0.0,0.0,0.0,0.0,-5.118751525878910
JNJ,Johnson & Johnson,2018-03-21,2018-04-20,106.89423974078600,49.87822813778780,-0.059140234732193,-0.0503137283916129,110.9339955685270,102.8544839130460,13081188.095238100,2.1558203763943900,17.09485982786810,0.9965,0.9965,,1.0,0.9965,-2.723968505859380
JNJ,Johnson & Johnson,2018-04-05,2018-05-05,106.12594164212500,43.536620505059500,0.0067338302849961,0.0685270559141678,109.83500475036800,102.41687853388300,31184248.837209300,2.1406449932590700,29.781825815332400,0.9965,0.9965,,1.0,0.9965,-1.671173095703130
JNJ,Johnson & Johnson,2018-04-20,2018-05-20,104.9252017643140,42.86565484173320,-0.616875077062247,-0.5353945073059890,108.34283670825700,101.50756682037100,-2283978.571428570,2.07334580833988,26.2009547021679,0.0,0.0,0.0,0.0,0.0,-1.66253662109375
JNJ,Johnson & Johnson,2018-05-05,2018-06-04,103.40601508400700,38.80374548177970,-0.7737457098980980,-0.6639747913307600,106.681217821932,100.13081234608100,-16832029.268292700,1.7814595329477700,18.625691162409200,0.0,0.0,0.0,0.0,0.0,1.2021331787109400
JNJ,Johnson & Johnson,2018-05-20,2018-06-19,101.93042276555800,45.51225869284990,-0.4041164950962130,-0.3696756406904220,104.53409240393900,99.32675312717830,-8587790.24390244,1.549214048146700,23.234024481076600,0.0,0.0,0.0,0.0,0.0,5.372261047363280
JNJ,Johnson & Johnson,2018-06-04,2018-07-04,101.33973158056100,47.44686310402360,-0.0554844571056568,-0.0463579858416884,103.35918541626300,99.32027774485890,-3803229.268292680,1.4244501431836100,23.66824420108320,0.0,0.0,0.0,0.0,0.0,7.080108642578130
JNJ,Johnson & Johnson,2018-06-19,2018-07-19,101.68224995353000,56.56737322819400,0.1009448670754000,0.0211415297540187,103.93882677361400,99.42567313344620,2774200.0,1.3910736741861100,32.55831100910210,0.0,0.0,0.0,0.0,0.0,5.529792785644530
JNJ,Johnson & Johnson,2018-07-04,2018-08-03,103.2271941502890,59.11113716713910,0.5610020662492190,0.4201993925830670,106.58907279570600,99.86531550487170,18445202.3255814,1.427735697555920,23.924357774532900,0.0,0.0,0.0,0.0,0.0,3.5961151123046900
JNJ,Johnson & Johnson,2018-07-19,2018-08-18,105.86888772646600,63.76462219670330,0.8396699621349790,0.7229933672177990,109.92158194068700,101.81619351224400,10933095.34883720,1.480864209048390,22.9764099917288,44.75860000000000,0.7717000000000000,1.11991947968432E-16,1.0,0.7717,4.932533264160160
JNJ,Johnson & Johnson,2018-08-03,2018-09-02,108.51556673464600,63.43128869186960,0.9292955999534330,0.7929577875840370,112.2673578973540,104.76377557193700,31330057.14285710,1.4532110778101600,34.12255703756950,47.84540000000000,0.7717000000000010,2.23857244020637E-16,1.0,0.7717,4.172889709472660
JNJ,Johnson & Johnson,2018-08-18,2018-09-17,110.5622402537950,66.26520439357040,1.1665921879218900,1.0053581896254800,114.1920073589360,106.93247314865500,39049658.53658540,1.3481921628475500,47.37394930067920,0.0,0.0,0.0,0.0,0.0,-2.4453353881835900
JNJ,Johnson & Johnson,2018-09-02,2018-10-02,113.33285577947400,68.6243266197086,0.8261472147125580,0.6911803083791630,117.36135296483300,109.30435859411600,19477726.82926830,1.284996643152550,40.91961256838580,0.0,0.0,0.0,0.0,0.0,0.2503890991210940
JNJ,Johnson & Johnson,2018-09-17,2018-10-17,115.59181874015100,57.66981012642060,0.3069829178225100,0.3094588374612220,119.07626282537300,112.10737465492900,13949207.31707320,1.4644653182584500,31.04337095498890,3.9944,0.9986,0.0,1.0,0.9986,6.626594543457030
JNJ,Johnson & Johnson,2018-10-02,2018-11-01,115.77653506735100,49.74797630801700,0.5914142115388200,0.5805209323798830,118.94540805265200,112.60766208205000,37851483.333333300,1.6655563532226700,17.583287226070200,2.9958,0.9986,0.0,1.0,0.9986,6.547637939453130
JNJ,Johnson & Johnson,2018-10-17,2018-11-16,115.86982104492200,54.10023214229840,0.0501833837490146,-0.0493627071884494,119.85954907840000,111.8800930114440,14121054.545454500,1.7988672985525100,15.290292158683700,0.0,0.0,0.0,0.0,0.0,-8.890823364257810
JNJ,Johnson & Johnson,2018-11-01,2018-12-01,117.57894660631800,61.88153422762090,0.2771987198713630,0.1717209633348510,121.94589257696800,113.21200063566900,19953183.72093020,1.995336327278860,12.328822730613800,0.0,0.0,0.0,0.0,0.0,-16.487060546875
JNJ,Johnson & Johnson,2018-11-16,2018-12-16,120.07066981575700,62.614344220436,0.6904404926898300,0.5960091270871500,124.19120326256100,115.95013636895300,21862536.58536590,2.192798046145450,16.036956975045000,-2628.3956000001400,-0.7242754477817970,0.3874227925297550,52.0,0.9598,-3.964271545410160
JNJ,Johnson & Johnson,2018-12-01,2018-12-31,119.80864715576200,44.13624886595240,-0.1024107263565150,0.1888740333943270,127.48479935279200,112.13249495873100,2043764.1025641000,2.423609659787410,37.35166165178890,-2618.5833000001400,-0.7257714246120120,0.3863557337024480,53.0,0.9598,2.570098876953130
JNJ,Johnson & Johnson,2018-12-16,2019-01-15,114.35997165880700,36.60233163251740,-1.675982072958300,-1.3577086779769800,126.95443461595400,101.76550870166000,-47735628.94736840,2.8755621221682300,61.37901572419500,0.0,0.0,0.0,0.0,0.0,5.182144165039060
JNJ,Johnson & Johnson,2018-12-31,2019-01-30,109.10857851128800,41.968279310251,-2.2689963537392900,-2.0865846879743000,116.12567115099500,102.09148587158100,-83167947.36842110,2.844483067863440,47.65238185672270,286.14940000000000,0.9570214046822740,0.0980226833597907,4.0,0.9997,6.0608673095703100
JNJ,Johnson & Johnson,2019-01-15,2019-02-14,108.5082644144690,57.40595381507900,0.1504724759503760,0.0618714614156274,111.45761924048400,105.55890958845500,18316532.5,2.504893577018520,32.45211896471010,426.3584999999980,0.9646119909502210,0.0857643360017086,9.0,0.9997,3.4121322631835900
JNJ,Johnson & Johnson,2019-01-30,2019-03-01,110.33613558682500,63.21548178293310,0.5148534629681490,0.3802364743726600,113.83058269973900,106.84168847391100,18594417.073170700,1.767685066990640,24.43957894091720,206.77810000000000,0.8140870078740140,0.4095973478673230,11.0,0.9991,2.6632080078125
JNJ,Johnson & Johnson,2019-02-14,2019-03-16,113.04694930366800,69.7991029808202,0.905465963814554,0.755394354081005,116.7831136279100,109.3107849794270,44568052.38095240,1.537142349615010,21.6939291924216,200.7924999999990,0.7095141342756150,0.5561962183848550,11.0,0.9989,-1.3696441650390600
JNJ,Johnson & Johnson,2019-03-01,2019-03-31,115.38212371494500,64.2489026444437,0.831869622946697,0.7545849877745220,118.19481831515800,112.5694291147310,40597747.61904760,1.442410794028890,21.330661947997100,330.3294999999990,0.8535645994832010,0.473396175498617,14.0,0.9982,0.0422744750976562
JNJ,Johnson & Johnson,2019-03-16,2019-04-15,116.47561985362700,54.12269734426170,0.5349656471061200,0.5363568647812960,118.43050818892000,114.5207315183330,18882514.63414630,1.2817860640890800,19.73500507167150,381.4290999999990,0.6762927304964530,0.4868668615632470,26.0,0.9996,0.7101974487304690
JNJ,Johnson & Johnson,2019-03-31,2019-04-30,116.37663744146200,48.67175171018910,-0.0928327092622472,-0.1038208339836480,118.49696492161700,114.25630996130700,7247770.731707320,1.3524479929463700,18.142961232530900,304.04660000000000,0.6482869936034110,0.4600083427584710,18.0,0.9996,-6.435157775878910
JNJ,Johnson & Johnson,2019-04-15,2019-05-15,116.73137078718700,54.43999793596600,0.2369003835166020,0.1858119434033870,119.68675988392600,113.77598169044900,11623582.92682930,1.4911133426753300,15.432122689541300,169.9853000000010,0.9825739884393100,0.007722864327338,2.0,0.9925,4.1028594970703100
JNJ,Johnson & Johnson,2019-04-30,2019-05-30,117.5333200454710,52.36603432762070,-0.0292101742262821,-0.0189372005557978,120.69478573047600,114.371854360466,4315202.439024390,1.6206072235018300,16.905690239052300,242.5794000000000,0.9550370078740150,0.2378522050167460,4.0,0.9998,6.767425537109380
JNJ,Johnson & Johnson,2019-05-15,2019-06-14,117.02364948106800,45.59190890396860,0.157440219683123,0.1708416029237750,120.7712491009230,113.27604986121400,24516502.38095240,1.948287858254820,16.573077845311000,140.9792999999990,0.2512999999999990,0.5656993500147780,9.0,0.9998,-5.456489562988280
JNJ,Johnson & Johnson,2019-05-30,2019-06-29,116.77132239341700,52.20021363695370,-0.1962856264951820,-0.2783772377765740,122.05432858348300,111.4883162033510,8070151.162790700,1.871171947042,16.40271607723200,1678.879300000020,0.7968102990033320,0.4410404495528090,13.0,0.9979,-7.2781982421875
JNJ,Johnson & Johnson,2019-06-14,2019-07-14,118.20638566450600,58.05900725499880,0.5049936726828850,0.435697601613687,122.98673605169500,113.42603527731800,23549770.73170730,1.808063932614190,35.76896194008200,1928.751500000030,0.981053662258407,0.1142223936026620,8.0,0.9979,-2.0174560546875
JNJ,Johnson & Johnson,2019-06-29,2019-07-29,118.5773422761400,47.27167949646080,0.6466232972030130,0.7824319754396680,123.8281343146260,113.32655023765400,28760246.341463400,1.7471978444943900,60.334342649453700,232.35230000000100,0.8268765124555200,0.3335876643455330,8.0,0.9747,-0.1009292602539060
JNJ,Johnson & Johnson,2019-07-14,2019-08-13,115.42592313939900,36.85616052131150,-0.8700849995783720,-0.7087341207586280,121.68080312898400,109.1710431498140,-11274304.87804880,1.624760176589750,26.31421178590730,48.9590000000001,0.1966224899598400,0.7673448542204570,10.0,0.996,0.1897659301757810
JNJ,Johnson & Johnson,2019-07-29,2019-08-28,112.30849031968600,40.74711027674580,-1.0254580472348700,-0.9387550716946900,116.17767413439900,108.4393065049730,-14680121.951219500,1.7005378305216700,22.934348879172900,70.67210000000010,0.1573988864142540,0.63775718871852,15.0,0.996,-0.6775054931640630
JNJ,Johnson & Johnson,2019-08-13,2019-09-12,111.34255546901500,47.312562063987400,-0.5712225357795950,-0.5242106175518850,113.48143410417400,109.2036768338560,-10061095.23809520,1.719273131912920,37.91195986566320,99.17620000000000,0.3209585760517800,0.4974122607150470,15.0,0.9923,0.137237548828125
JNJ,Johnson & Johnson,2019-08-28,2019-09-27,111.06143714586900,50.353349208789900,-0.2970525045675500,-0.3079492238056730,113.30422061332800,108.81865367840900,5297583.720930230,1.7487826758709300,31.03805620330000,60.875800000000000,0.8454972222222230,0.3073659542814240,5.0,0.9938,-0.4288253784179690
JNJ,Johnson & Johnson,2019-09-12,2019-10-12,111.30215833981800,52.37578332918440,-0.2770288416445250,-0.2969739657344230,113.57850056287400,109.02581611676200,10730748.837209300,1.7619428582456700,30.870144355296900,24.72020000000000,0.9888080000000000,0.0070824854394484,3.0,0.9938,1.4322586059570300
JNJ,Johnson & Johnson,2019-09-27,2019-10-27,111.98139791074000,53.72639433563650,0.2694222214065550,0.2586250819531720,114.84814964907700,109.1146461724030,10351873.80952380,1.8017733883487400,28.43137974996070,483.3633000000000,0.8724969314079430,0.398336997060851,18.0,0.9998,8.387954711914060
JNJ,Johnson & Johnson,2019-10-12,2019-11-11,112.21450122335700,51.30007406103860,0.0299497556973872,0.0304918687815033,115.8841039533080,108.54489849340600,16788497.61904760,1.96313167903597,28.209575256317000,919.4421000000060,0.9058542857142910,0.312766726185403,22.0,0.9999,6.826622009277340
JNJ,Johnson & Johnson,2019-10-27,2019-11-26,112.37433547973600,56.80459167750700,0.4497770634227340,0.357446798554921,116.33837537476900,108.4102955847030,25982397.61904760,2.104063625431320,19.21449084738040,521.0746000000050,0.9338254480286830,0.1971217076066540,7.0,0.9999,7.556259155273440
JNJ,Johnson & Johnson,2019-11-11,2019-12-11,114.11787357330300,69.97667139733310,0.6150978911077280,0.4385229399884940,118.6232842472200,109.61246289938700,32331978.04878050,2.0101515610509600,12.337077290408800,674.0318999999990,0.9839881751824800,0.1077443638654230,11.0,0.9997,4.663299560546880
JNJ,Johnson & Johnson,2019-11-26,2019-12-26,117.60049206126800,81.64400516300830,1.3926339387011000,1.1542416400367200,122.60718859873000,112.59379552380600,11006692.68292680,1.5838216014094000,16.155220499208600,1004.4638999999900,0.9838040156709050,0.0953404716932012,14.0,0.9997,2.063934326171880
JNJ,Johnson & Johnson,2019-12-11,2020-01-10,121.42497279427300,82.10386430269140,1.5372114175670700,1.3478031383423300,126.1025653780180,116.74738021052700,21634968.292682900,1.434069509685830,37.60860913977760,414.46909999999700,0.9798323877068500,0.0741044396577341,7.0,0.9983,5.6131744384765600
JNJ,Johnson & Johnson,2019-12-26,2020-01-25,124.56655696687200,72.2089691933448,1.1012049310376000,0.960263268269317,128.0289627401470,121.1041511935980,42668602.5,1.452485783167940,37.26029534707890,223.8792999999990,0.9950191111111080,0.0668504897614759,5.0,0.9999,1.390411376953130
JNJ,Johnson & Johnson,2020-01-10,2020-02-09,126.58611054193400,68.21130411768800,0.9543568907339980,0.8073364085044290,129.5552240558810,123.61699702798800,48936820.0,1.498513747540160,30.30669251405270,255.88419999999900,0.9995476562499980,0.0012190619887245,5.0,0.9999,-12.590805053710900
JNJ,Johnson & Johnson,2020-01-25,2020-02-24,128.49068130493200,65.53720555583900,0.5245236317108270,0.4459310060514100,131.8214403052060,125.15992230465700,18357379.487179500,1.4653449555270600,24.97895849949350,43.74650000000000,0.9307765957446810,0.182823640623328,6.0,0.9988,-25.898483276367200
JNJ,Johnson & Johnson,2020-02-09,2020-03-10,128.77127046131000,48.31387354684130,0.24432754259679,0.3972184011908010,134.0276255711250,123.5149153514940,17771992.5,1.8347165805458400,22.025750734811600,31.5153,0.5002428571428570,0.3527223164026900,6.0,0.9715,5.927070617675780
JNJ,Johnson & Johnson,2020-02-24,2020-03-25,124.44221132451800,37.37019244560800,-1.2622752978022700,-0.8518906450786610,133.92914070749700,114.95528194154000,-46820465.853658500,3.246375784859260,41.9603436467968,6095.837199999510,0.975333951999922,0.1192637328635070,10.0,0.9954,31.573516845703100
JNJ,Johnson & Johnson,2020-03-10,2020-04-09,117.3046000936760,41.20775702591550,-2.4945648682102300,-2.28392379225578,130.35934827248400,104.24985191486800,-78750047.61904760,4.514024621672830,46.94449201470610,6171.25449999948,0.6970018635644320,0.629849219965761,34.0,0.9979,4.727752685546880
JNJ,Johnson & Johnson,2020-03-25,2020-04-24,115.02125811576800,55.03350153603600,-1.134692045761300,-1.4179784838578500,130.78951481232800,99.2530014192085,-72067260.46511630,5.703194727444490,39.15670851572520,1826.119599999910,0.401786490649046,0.7818958399107560,51.0,0.9999,-8.811729431152340
JNJ,Johnson & Johnson,2020-04-09,2020-05-09,121.14680927594500,61.93816726551010,0.3832586075412670,0.097770115397524,135.14489749863100,107.14872105325900,-41676920.93023260,5.880553706037930,28.90001566144700,2462.4360000000000,0.9019912087912080,0.2590682553434850,52.0,0.9999,-0.329193115234375
JNJ,Johnson & Johnson,2020-04-24,2020-05-24,128.29363045070500,56.53556211672610,3.804130862417740,3.6108632319650900,136.9416902496690,119.64557065174000,17343804.76190480,4.190393239411800,33.04916598519870,752.5711000000090,0.8380524498886520,0.3109278251315520,47.0,0.9998,-0.857574462890625
JNJ,Johnson & Johnson,2020-05-09,2020-06-08,129.59646063305100,46.41168920275330,1.0193340566558400,1.0042764358299300,133.39148109782300,125.80144016827800,-3738450.0,3.033451744631960,26.52411737396210,-144.71819999999900,-0.3462157894736830,0.84438533734756,25.0,0.9984,-3.8941802978515600
JNJ,Johnson & Johnson,2020-05-24,2020-06-23,128.4030002593990,43.359966218689400,-1.0676383402405800,-0.957329085947488,131.65022516247300,125.15577535632600,-42728856.09756100,2.512043048068420,25.36586155844890,-128.8815999999990,-0.3190138613861370,0.8920937853955610,8.0,0.9984,5.793190002441410
JNJ,Johnson & Johnson,2020-06-08,2020-07-08,126.86341022309800,43.59522686846680,-0.641551322378134,-0.5104745838379460,131.1781941651210,122.54862628107500,2132302.5,2.634782807982330,30.588590007660200,29.573000000000000,0.2174485294117650,0.951348713337119,7.0,0.9967,4.11297607421875
JNJ,Johnson & Johnson,2020-06-23,2020-07-23,125.35644737590400,52.50401891375930,-0.0615921713727689,-0.1354578020269660,130.31907398050400,120.39382077130500,12630543.902439000,2.4785937672828500,21.68307769265830,1063.7199000000100,0.8271538880248920,0.4461819751032650,28.0,0.9996,2.4065093994140600
JNJ,Johnson & Johnson,2020-07-08,2020-08-07,126.2995051542920,58.81279141934290,-0.1070065620117740,-0.1793655034530220,131.38860806000600,121.21040224857800,-7746172.093023260,2.4714579031440700,18.40013362782860,1314.0287000000300,0.9176178072625900,0.2375744205383660,29.0,0.9996,1.77557373046875
JNJ,Johnson & Johnson,2020-07-23,2020-08-22,128.56436994870500,63.398726112686300,0.6202881506188920,0.532902664139855,132.65064537016700,124.4780945272430,5427979.069767440,2.05432098945796,28.54320798282750,601.5385000000060,0.9254438461538550,0.1625665941553230,11.0,0.9964,-2.2639923095703100
JNJ,Johnson & Johnson,2020-08-07,2020-09-06,130.25299984614100,59.82738612878430,0.932781531482375,0.8058152141102650,133.56394306388600,126.94205662839500,28884006.976744200,2.0311169371390500,23.81358582156660,2023.6396999999900,0.908684193982931,0.1681095106909140,13.0,0.9997,-0.3171539306640630
JNJ,Johnson & Johnson,2020-08-22,2020-09-21,131.5864707253200,56.59345137014780,0.1155808563521250,0.1135401977753230,135.5657733216240,127.60716812901500,-5737390.243902440,2.0877980553615700,15.413655329915700,2182.4601000000100,0.892256786590356,0.3156252834082220,14.0,0.9998,-4.0787200927734400
JNJ,Johnson & Johnson,2020-09-06,2020-10-06,131.52573923631100,49.836783668895,0.0703629208058501,0.1299971511343080,135.74200149637000,127.30947697625300,20181331.70731710,2.2709604026955900,15.290033742597000,223.9664999999960,0.0648238784370464,0.6656233042202080,28.0,0.9998,-7.778556823730470
JNJ,Johnson & Johnson,2020-09-21,2020-10-21,130.16837633306300,46.30219339352050,-0.5841130227848250,-0.5526146583415270,133.99264165946900,126.34411100665700,2211770.7317073200,2.428547556023920,16.64999887212350,1153.765500000210,0.228921726190517,0.726795819834642,31.0,0.9999,2.2815475463867200
JNJ,Johnson & Johnson,2020-10-06,2020-11-05,129.23988846488600,43.68359224366020,-0.2950411426511540,-0.1487928454699830,133.6554850949680,124.82429183480400,13932014.285714300,2.42531103745058,27.26182631272960,2463.1553000000900,0.7265944837758370,0.6215311639985850,15.0,0.9999,10.495491027832000
JNJ,Johnson & Johnson,2020-10-21,2020-11-20,127.76866369628900,48.86766041920250,-0.0504744722678438,-0.0836541059094447,133.93330042006500,121.60402697251300,11433409.090909100,2.45305872534335,38.34630541838810,1392.8286000000500,0.8405724803862710,0.4735806678916150,19.0,0.9998,7.438140869140630
JNJ,Johnson & Johnson,2020-11-05,2020-12-05,127.12234535217300,50.32420909018300,-0.0763323880036815,-0.1333871604013790,134.32111128208700,119.92357942225800,2114346.511627910,2.277575772833710,32.52036348684120,1824.42070000004,0.814473526785732,0.4029584016181210,56.0,0.9988,6.306884765625
JNJ,Johnson & Johnson,2020-11-20,2020-12-20,129.17339363098100,63.853553419911,0.6142317826448840,0.4517400077801860,135.44937919947100,122.89740806249200,13377088.095238100,2.1711669113927400,24.042316870209000,1626.320500000020,0.8217890348661060,0.3348486062630510,47.0,0.9988,5.135986328125
JNJ,Johnson & Johnson,2020-12-05,2021-01-04,131.9990817642210,61.08467263437770,1.6666465039118600,1.4657483258877400,137.05232776660100,126.94583576184100,34532512.820512800,2.248946075681530,13.844216572501000,138.5606000000000,0.7530467391304330,0.2981537445666990,5.0,0.973,3.432861328125
JNJ,Johnson & Johnson,2020-12-20,2021-01-19,135.41980319776000,67.3216749726537,1.336461464437600,1.0929775271426200,140.72493975858600,130.11466663693500,40342860.526315800,2.0237911421752000,13.100632132147800,103.13990000000000,0.8251192000000010,0.3316063152867640,12.0,0.9984,4.7545928955078100
JNJ,Johnson & Johnson,2021-01-04,2021-02-03,139.7496160125730,68.31834914278540,1.5788001312529500,1.304187194406320,145.89081134927300,133.6084206758740,25560133.33333330,2.271106445166750,16.338103452783300,660.2642999999990,0.8181713754646820,0.4972708240412330,31.0,0.9998,-6.409332275390630
JNJ,Johnson & Johnson,2021-01-19,2021-02-18,143.5494781112670,63.33436111816070,1.4218680426740300,1.248523046976620,149.6656284460680,137.4333277764670,2031746.1538461500,2.460133771828740,26.28872957185500,1497.8577999999700,0.8728775058274900,0.3999650043085770,44.0,0.9998,-4.0999603271484400
JNJ,Johnson & Johnson,2021-02-03,2021-03-05,145.2367460499640,52.24911561139890,0.9266889825334140,0.9390238664144710,150.40837037913600,140.06512172079200,500069.0476190480,2.61939227961536,29.19051400282,5058.953699999960,0.8355001981833130,0.303895961687859,93.0,0.9995,8.711578369140630
JNJ,Johnson & Johnson,2021-02-18,2021-03-20,144.50993452072100,44.743679781821700,-0.1696785183310420,-0.0998364012718094,149.57976533049500,139.4401037109480,-9213695.34883721,2.606172857796930,31.593683572548000,4349.757500000170,0.8266357848727040,0.2939011720656970,73.0,0.9991,1.9636688232421900
JNJ,Johnson & Johnson,2021-03-05,2021-04-04,143.0388401031490,52.44656944934680,0.1993185103526910,0.1449115034658180,148.27399324561100,137.80368696068700,29767346.341463400,2.236807861891560,45.49197943136320,871.5538999999930,0.905981185031178,0.1296448882701420,19.0,0.9972,2.1243438720703100
JNJ,Johnson & Johnson,2021-03-20,2021-04-19,143.4963590101760,57.65944476963430,-0.4403212617782490,-0.4563738432685750,147.63943974774300,139.35327827261000,-10160475.609756100,2.2856689771989600,35.38738363562960,1222.7636999999900,0.9291517477203550,0.1133722565360510,14.0,0.9996,7.328033447265630
JNJ,Johnson & Johnson,2021-04-04,2021-05-04,145.06867745139400,59.58210007440710,0.9466767877477060,0.8696063600997470,148.72052564222800,141.4168292605600,20231336.58536590,2.235595802762310,22.594596783732800,969.1802000000160,0.6707129411764820,0.6822618199701050,16.0,0.9996,1.809173583984380
JNJ,Johnson & Johnson,2021-04-19,2021-05-19,146.4408861680460,56.46169427545080,0.7049001334805180,0.5625861223354590,150.62052727722500,142.2612450588680,13923504.87804880,2.1396530107088800,21.203412753751600,460.9902999999960,0.4967567887930990,0.8280431457845200,13.0,0.996,-3.748062133789060
JNJ,Johnson & Johnson,2021-05-04,2021-06-03,148.515681158978,60.7828827187856,0.6270276439136620,0.5072345409474320,152.95421114513300,144.07715117282300,14243702.38095240,1.985486246445850,17.175653287046700,-486.3653999999950,-0.5831719424460370,0.7476272420406850,8.0,0.9962,2.496795654296880
JNJ,Johnson & Johnson,2021-05-19,2021-06-18,150.32436860402400,51.891654174421900,0.6984900375928120,0.7116800126656810,154.35919022782100,146.2895469802270,11286546.511627900,2.0938071830829,35.88079525782640,-526.1614999999940,-0.6694166666666590,0.6691555657118470,6.0,0.9982,2.586700439453130
JNJ,Johnson & Johnson,2021-06-03,2021-07-03,149.6560706138610,44.29731878171440,-0.1640765826852300,-0.1008204183926430,152.94945355934300,146.36268766838000,-7162248.837209300,1.9211133705399700,60.24322206729850,1881.776299999970,0.9228917606669780,0.2213347392339180,15.0,0.9993,2.8920135498046900
JNJ,Johnson & Johnson,2021-06-18,2021-07-18,148.65978861722100,50.377555735453300,-0.3675738171114220,-0.4160280248854340,152.35754229419600,144.96203494024600,-27259736.58536590,1.7816245224667300,54.96116923397510,1935.7665999999700,0.9222327775130850,0.2192408350393790,17.0,0.9993,4.065116882324220
JNJ,Johnson & Johnson,2021-07-03,2021-08-02,149.7061190171680,60.37304838236440,0.2974674814200310,0.1786614573016010,153.63717938564700,145.7750586486880,-9407700.0,1.7812311250535000,31.35583758195070,-2192.2938000001100,-0.7406397972973330,0.4655330050317260,11.0,0.9992,4.882858276367190
JNJ,Johnson & Johnson,2021-07-18,2021-08-17,152.41635336442400,70.1240280137938,1.2991803214742800,1.126957137808880,156.36856185820100,148.46414487064700,30813258.536585400,1.6753639318025200,18.218602553016600,-1814.9406000000700,-0.5408047079857170,0.6982496384569420,16.0,0.9997,4.898612976074220
JNJ,Johnson & Johnson,2021-08-02,2021-09-01,155.48138223127900,67.18058589685760,0.9184745594184580,0.7939591594768870,159.5227640502150,151.44000041234200,21503982.926829300,1.6777559170792800,16.023611046162300,1488.4480000000100,0.8578951008645620,0.2429182205699400,27.0,0.9997,0.1729965209960940
JNJ,Johnson & Johnson,2021-08-17,2021-09-16,157.07386756565300,55.3662415226946,0.9893592435313060,1.03056833454619,161.6207184584070,152.527016672898,47138435.71428570,1.8372486253562900,24.015313597479500,1064.218799999990,0.8294768511301550,0.2721933443532400,20.0,0.9994,-3.637252807617190
JNJ,Johnson & Johnson,2021-09-01,2021-10-01,155.33555653890000,35.27330570266220,-0.328968763385945,-0.1286528312765940,161.45446919258900,149.21664388521000,-1119241.8604651200,1.7107005594789200,51.72330477133270,-28.55020000000000,-0.0483082910321489,0.4212832271447740,6.0,0.9994,-3.30340576171875
JNJ,Johnson & Johnson,2021-09-16,2021-10-16,150.6246370951340,25.95779420817000,-1.9476898872903900,-1.7069153448174400,156.89094650320600,144.35832768706100,-52321953.488372100,1.999574717875690,52.068793064937200,76.84270000000000,0.1008434383202100,0.5961038070400690,12.0,0.9984,-0.997283935546875
JNJ,Johnson & Johnson,2021-10-01,2021-10-31,147.05491223542600,37.79578971664720,-1.5482727885481600,-1.4810181906369300,151.4816215936780,142.6282028771740,-45346469.047619000,2.037293001174820,27.28371559181340,584.511600000003,0.8964901840490840,0.4290018714885430,21.0,0.9993,-0.4669723510742190
JNJ,Johnson & Johnson,2021-10-16,2021-11-15,146.46024485049000,50.117153140009500,-0.3202709754838770,-0.3461722751406820,150.0928638708320,142.82762583014900,-30475261.904761900,2.1366297345307800,21.818567116218800,2287.0901999999500,0.3099458192166890,0.3885221740188410,190.0,0.9993,-2.548736572265630
JNJ,Johnson & Johnson,2021-10-31,2021-11-30,147.28111294833100,53.273193235881400,0.3363213134267330,0.3349744490424540,150.1387280493950,144.42349784726700,8632036.585365850,2.2686723971273800,37.57704797815460,1897.6633999999300,0.2715214479896890,0.3626037054853070,179.0,0.9987,1.5039138793945300
JNJ,Johnson & Johnson,2021-11-15,2021-12-15,147.1393802642820,48.92411215244140,0.3769170166393260,0.3339710019354790,150.38314680809800,143.89561372046600,7587082.926829270,2.284719638533690,51.57347956799290,72.51330000000000,0.9668440000000000,0.1066157387093510,4.0,0.9909,0.2839279174804690
JNJ,Johnson & Johnson,2021-11-30,2021-12-30,147.8650062561040,55.86172464736430,0.4289126546812160,0.2591757267321110,154.18020209274900,141.54981041945800,-2769656.097560980,2.528432451956500,32.167055543214700,-0.8681000000000140,-0.0086810000000001,0.847685899005479,6.0,0.9909,-5.148353576660160
JNJ,Johnson & Johnson,2021-12-15,2022-01-14,151.44187784609600,62.99993241428260,0.8528013522755890,0.681081403382601,158.0216246805710,144.86213101162100,16614659.523809500,2.1810899412414500,18.37899128715440,-25.094000000000000,-0.1640130718954250,0.6960924922183390,5.0,0.9428,1.458526611328130
JNJ,Johnson & Johnson,2021-12-30,2022-01-29,153.98967530623700,54.81366224151160,1.8046318762171200,1.7642615982875800,159.01938266797900,148.95996794449600,35799309.52380950,2.438407879484630,25.550395603237300,-55.62400000000020,-0.261145539906104,0.8324944555548360,5.0,0.9996,3.2039794921875
JNJ,Johnson & Johnson,2022-01-14,2022-02-13,154.30748662081600,50.84625176333510,-0.1793207991682090,-0.1990173179245640,159.24433339369500,149.37063984793700,-28669934.14634150,2.3500665135293100,24.26262370764540,-45.14700000000000,-0.2989867549668880,0.9438962638394460,4.0,0.9996,-3.3474273681640600
JNJ,Johnson & Johnson,2022-01-29,2022-02-28,153.8608149937220,42.57564114746350,-0.5643023623199200,-0.4451072196659230,159.47404679103,148.2475831964140,-46097180.0,2.30157697684328,39.49377794454940,4.987,0.9974,1.24126707662364E-16,1.0,0.9974,-2.295379638671880
JNJ,Johnson & Johnson,2022-02-13,2022-03-15,152.85290309361000,48.28740924933950,0.0102719575032573,-0.0179752818387168,159.0719988229300,146.63380736429100,-34450060.0,2.7597579684910300,49.50233624859270,2052.7560999998900,0.6420882389740050,0.7155763711883320,6.0,0.9974,7.922218322753910
JNJ,Johnson & Johnson,2022-02-28,2022-03-30,153.7345551924270,53.21701222938130,-0.0719389522449413,-0.2480408955691180,161.208407639668,146.2607027451860,-46864939.02439020,2.741298520339150,32.887145239961800,2059.056999999890,0.6442606382978390,0.7136918424507090,7.0,0.9993,10.875205993652300
JNJ,Johnson & Johnson,2022-03-15,2022-04-14,157.9132727581520,64.93760386429420,1.4967226926398200,1.2463221695441300,164.81400346143600,151.01254205486900,-2473747.619047620,2.96603314636691,34.719598246589300,33.04260000000000,0.6354346153846150,0.2025857580544990,4.0,0.9993,3.6744232177734400
JNJ,Johnson & Johnson,2022-03-30,2022-04-29,162.02241586049400,63.41186385071820,2.005344656390530,1.7875290340149200,167.3588182167950,156.68601350419300,27939462.790697700,2.847022893150000,34.357584940717300,45.62290000000010,0.7241730158730170,0.237432108602852,3.0,0.9997,-1.034942626953130
JNJ,Johnson & Johnson,2022-04-14,2022-05-14,164.71950737635300,53.39824539345940,0.5027550370170060,0.517338620025435,169.4930686442020,159.94594610850300,-10390030.23255810,2.865774041236140,32.009516154715300,12.996100000000000,0.9997,2.31111352218664E-16,1.0,0.9997,-2.077919006347660
JNJ,Johnson & Johnson,2022-04-29,2022-05-29,164.76170966106900,48.69817888811550,-0.0688948902449536,-0.0368133176344363,169.74519099629900,159.7782283258400,-8608269.047619050,2.9031542615636600,22.80501295265110,-827.6162999999810,-0.3767029130632590,0.4279715723930430,5.0,0.9349,-1.3719253540039100
JNJ,Johnson & Johnson,2022-05-14,2022-06-13,163.65999843052500,46.85746639579090,-0.1452329986712190,-0.1160945451875210,168.43625754590300,158.883739315146,-26726460.0,3.035385417462100,19.42825571939520,-806.7487999999810,-0.3662046300499230,0.4427471161422780,6.0,0.989,3.7065277099609400
JNJ,Johnson & Johnson,2022-05-29,2022-06-28,162.65382686796600,46.1393607734448,-0.5622492845975880,-0.4853645796356900,168.30513855230000,157.00251518363300,-38480370.0,3.0117602131921,22.54312452739880,-778.1777999999700,-0.4292210700496250,0.4207303236517840,11.0,0.9988,6.583290100097660
JNJ,Johnson & Johnson,2022-06-13,2022-07-13,161.82015853881800,49.52608314064730,-0.0625725606172205,-0.1106057429997570,169.33769383154600,154.30262324609000,-22812312.82051280,3.090535381917720,25.30245165176670,-574.5300999999680,-0.2821857072691400,0.5792733814224590,13.0,0.9988,7.88214111328125
JNJ,Johnson & Johnson,2022-06-28,2022-07-28,162.18635439191500,47.16412382388720,-0.5899068986492450,-0.5090929269524080,168.94785761111900,155.42485117271100,-15576962.5,3.1342699261933000,45.57772757088760,-474.2633000000060,-0.2277921709894360,0.7549715936757320,16.0,0.9981,1.607086181640630
JNJ,Johnson & Johnson,2022-07-13,2022-08-12,161.51399761697500,44.89779144849510,0.4452330502886120,0.5142704852294560,166.7404788347170,156.2875163992340,28676366.666666700,2.8422461322802300,53.79286186414310,-1093.9754999999900,-0.4768855710549240,0.646393064065412,15.0,0.9981,-0.9045257568359380
JNJ,Johnson & Johnson,2022-07-28,2022-08-27,158.9539127031960,36.30008129823960,-0.8715208077478290,-0.712651015478563,163.83176466508100,154.07606074131200,10942916.279069800,2.744317914152980,24.2150385242854,-375.2285000000020,-0.7504570000000030,0.5495963454179750,7.0,0.9963,0.2584457397460940
JNJ,Johnson & Johnson,2022-08-12,2022-09-11,156.09920650979700,38.70607879452990,-1.0809780119124800,-0.9237921240630360,160.816965833814,151.38144718578100,-16252861.904761900,2.485552104685500,23.26983787355200,11.246600000000000,0.0775627586206893,0.644127685533012,7.0,0.9963,-0.4926834106445310
JNJ,Johnson & Johnson,2022-08-27,2022-09-26,153.65492141030100,42.71163076502990,-1.114637871957030,-1.0407039192645800,157.70064351489900,149.609199305702,-23017536.58536590,2.487595682068080,29.22259605283890,-22.79770000000000,-0.2279770000000000,0.4085914609862880,4.0,0.9656,-1.0973587036132800
JNJ,Johnson & Johnson,2022-09-11,2022-10-11,152.785715935447,48.1987693532098,0.0742789328471727,0.0956044975666001,156.05145871397400,149.51997315692000,8942629.268292680,2.469254224264540,20.79724435541660,23.1518,0.4209418181818180,0.4344851489986010,6.0,0.9656,-1.7055511474609400
JNJ,Johnson & Johnson,2022-09-26,2022-10-26,152.63172697587400,51.26538170946620,0.2379843526143060,0.1946803219357160,156.13362458165400,149.12982937009500,719651.2195121950,2.604353542475330,14.737086064074,61.3314,0.6258306122448980,0.4463339687168670,8.0,0.9997,2.072494506835940
JNJ,Johnson & Johnson,2022-10-11,2022-11-10,153.7892268180850,58.1468005826162,0.3593514718657960,0.1953098646536570,159.36997167716200,148.20848195900800,-1042525.5813953500,2.729626598370010,12.451298136639400,62.28870000000000,0.8532698630136990,0.3660592091925880,9.0,0.9997,8.655670166015630
JNJ,Johnson & Johnson,2022-10-26,2022-11-25,156.7516180674240,62.20266678224940,0.7557190168776310,0.5854013322839970,162.70559421162800,150.79764192321900,-14532581.395348800,2.6952507342018700,23.593312472428300,18.183000000000000,0.6270000000000000,0.5383293322864730,6.0,0.9985,5.575355529785160
JNJ,Johnson & Johnson,2022-11-10,2022-12-10,160.6437263170880,65.59809290867100,1.7553021837587800,1.5549867605531900,165.96875922368400,155.3186934104910,25762709.30232560,2.673037099143410,43.096279692136900,23.76240000000000,0.9901000000000000,0.0067839965135347,3.0,0.9985,-3.6329345703125
JNJ,Johnson & Johnson,2022-11-25,2022-12-25,163.61626241932700,58.89179148602470,0.7316511205692080,0.6474008141451680,167.92120647591800,159.3113183627370,42692952.38095240,2.324391606361580,53.09728907241550,-3.5647000000000400,-0.0072014141414142,0.4977542355887890,10.0,0.999,0.3619232177734380
JNJ,Johnson & Johnson,2022-12-10,2023-01-09,165.23757164001500,56.904815064396000,0.5697927714491160,0.5106001608269660,168.19892653892700,162.27621674110200,46798466.66666670,2.4083941119543500,42.34186100697570,2.451599999999920,0.0047511627906975,0.4932859451358290,10.0,0.999,3.32769775390625
JNJ,Johnson & Johnson,2022-12-25,2023-01-24,165.1555391693120,45.17705754711810,-0.1849674430154080,-0.0701765977226396,168.497915842255,161.81316249636800,11563187.17948720,2.008718765822550,48.6549763131116,-4.828200000000040,-0.0330698630136988,0.5476737390680780,4.0,0.988,0.7196273803710940
JNJ,Johnson & Johnson,2023-01-09,2023-02-08,162.2969498825070,32.53538684079050,-1.021794320756370,-0.7430049383222310,168.91617565517100,155.67772410984400,-27951717.948717900,2.272934692829890,46.33556030085280,188.13020000000000,0.5735676829268280,0.5864475789589260,8.0,0.9946,5.069816589355470
JNJ,Johnson & Johnson,2023-01-24,2023-02-23,157.20271934509300,26.65336480164980,-1.7258948860396100,-1.4203965791151200,164.5835165681060,149.82192212207900,-39209589.743589700,2.256892050776640,23.33124475794330,299.00950000000100,0.9432476340694030,0.0759574000096113,8.0,0.9999,-2.3468246459960900
JNJ,Johnson & Johnson,2023-02-08,2023-03-10,152.24238022514000,28.44623635602120,-2.178421808874170,-1.887043086904590,158.49337114880900,145.991389301471,-72618647.61904760,2.473353854919360,17.478426604016900,82.07809999999990,0.9771202380952360,0.0223772893680333,2.0,0.9999,-11.619728088378900
JNJ,Johnson & Johnson,2023-02-23,2023-03-25,147.76731475194300,34.9253377336264,-1.6670005189050700,-1.4872448817106700,152.954268603414,142.5803609004720,-38355739.53488370,2.442017412094110,18.13506308110470,43.414000000000000,0.8860000000000000,0.0,1.0,0.886,-5.772148132324220
JNJ,Johnson & Johnson,2023-03-10,2023-04-09,145.03020168651200,43.9495663434903,-1.176852020809510,-1.1563623172566500,149.14886460417600,140.9115387688490,-49713617.07317070,2.0678588361254000,17.643082226615400,77.87040000000010,0.927028571428572,0.052615496758459,2.0,0.9937,-0.8993148803710940
JNJ,Johnson & Johnson,2023-03-25,2023-04-24,146.10056565024600,60.41725414205300,0.0980701541635064,-0.1162500294284210,152.5876882960220,139.61344300447100,-17531500.0,2.094418105607020,18.808725288065000,39.78000000000000,0.9945000000000000,0.0016203829873338,2.0,0.9977,0.5102310180664060
JNJ,Johnson & Johnson,2023-04-09,2023-05-09,150.62153081026900,62.37747877769070,1.471061971282760,1.306277274102720,158.2287504355700,143.0143111849690,28400743.902439000,2.26770567852932,20.67104437755550,37.62540000000000,0.1835385365853660,0.5479140011665320,12.0,0.9977,-3.011993408203130
JNJ,Johnson & Johnson,2023-04-24,2023-05-24,152.90411848588400,47.80498367373530,1.2354335870445600,1.2485147607496300,157.09767877161300,148.71055820015600,10492104.87804880,2.019392896154090,25.29906316577260,293.6080000000040,0.394634408602156,0.6733934812907470,15.0,0.9866,-5.118751525878910
JNJ,Johnson & Johnson,2023-05-09,2023-06-08,151.5404383783760,34.63910411369430,-0.6756822028270920,-0.5487029489396580,155.17117620274600,147.90970055400500,-30976111.904761900,1.8805489531381900,27.65047829924510,295.0606000000010,0.5203890652557330,0.683829883341014,6.0,0.9869,-2.723968505859380
JNJ,Johnson & Johnson,2023-05-24,2023-06-23,149.9722927591080,45.561528419868700,-0.4807989031876430,-0.5379644306523180,154.49609193408000,145.4484935841360,-14774592.857142900,1.819015409378650,18.614452474300500,26.623300000000000,0.9860481481481490,0.0011318366185338,2.0,0.9869,-1.671173095703130
JNJ,Johnson & Johnson,2023-06-08,2023-07-08,151.0705194646660,60.12261725309260,0.2137896009569890,0.0974370622765874,156.15199110629500,145.98904782303800,-23819268.292682900,1.7889797524362100,17.02655272118100,-10.121100000000000,-0.9201000000000000,0.0,1.0,0.9201,-1.66253662109375
JNJ,Johnson & Johnson,2023-06-23,2023-07-23,153.2365027654740,60.04918069983250,0.699960419260794,0.673054983482068,158.53403960567100,147.93896592527700,2525985.0,1.8253292297752900,41.50544802567580,57.53769999999990,0.7472428571428560,0.6483747274671070,2.0,0.9961,1.2021331787109400
JNJ,Johnson & Johnson,2023-07-08,2023-08-07,154.61211969284800,56.30556072581020,0.7710187018769740,0.5648580499331590,162.15967738157100,147.0645620041240,1518905.0,2.1168356832082300,36.54329699591700,-284.4527000000000,-0.4258273952095810,0.675925248265206,16.0,0.9961,5.372261047363280
JNJ,Johnson & Johnson,2023-07-23,2023-08-22,158.17656919306000,58.65994105433610,0.5589703473221890,0.3760517817448870,167.09440449091300,149.25873389520700,-13555153.658536600,2.517936933879980,16.209406235967100,-242.7399000000010,-0.3307083106267040,0.7281464552728890,30.0,0.9937,7.080108642578130
JNJ,Johnson & Johnson,2023-08-07,2023-09-06,160.85615914084700,52.075368552388600,1.3535984542411500,1.3854338908622000,168.18269586684800,153.5296224148460,-86852668.29268290,2.765970957722250,24.26381066630490,101.35720000000000,0.8737689655172400,0.3327423825055090,10.0,0.9937,5.529792785644530
JNJ,Johnson & Johnson,2023-08-22,2023-09-21,159.14587405660900,40.02212066036790,-0.7526426515172470,-0.5954009160747770,165.61405519246500,152.67769292075200,-214249302.3809520,2.843112157085760,31.666958715945500,-3.9624000000000000,-0.0139031578947368,0.1342525569189960,18.0,0.8678,3.5961151123046900
JNJ,Johnson & Johnson,2023-09-06,2023-10-06,155.572825495402,34.44243708828700,-1.5038061471818800,-1.3005935448533700,161.41358564274400,149.73206534806,-408951727.9069770,2.6110936037229000,21.46995785648860,-4.439100000000000,-0.0154672473867595,0.1365460145824140,19.0,0.8678,4.932533264160160
JNJ,Johnson & Johnson,2023-09-21,2023-10-21,152.53488079706800,37.85001316863400,-0.941391462269376,-0.8000557373287330,157.08205108836700,147.98771050576900,-68694106.97674420,2.26312267685048,21.25796606129490,0.0,0.0,0.0,0.0,0.0,4.172889709472660
JNJ,Johnson & Johnson,2023-10-06,2023-11-05,149.57470932006800,32.0515220711288,-0.523576984771438,-0.3192966384516770,155.11299973524500,144.0364189048920,-9716862.790697680,2.133993597750240,19.106834861660200,4.3615,0.8723000000000000,1.24126707662364E-16,1.0,0.8723,-2.4453353881835900
JNJ,Johnson & Johnson,2023-10-21,2023-11-20,145.94866658086400,36.6827450178745,-1.5237302281576900,-1.349988679827580,151.40914119298100,140.4881919687460,-35422052.38095240,2.01469725427019,30.31524288507540,-21.8862,-0.4757869565217390,0.8165585649837430,4.0,0.9848,0.2503890991210940
JNJ,Johnson & Johnson,2023-11-05,2023-12-05,143.68944095264800,47.69016912717490,-0.9457678918544580,-0.9680366499342010,148.68337561401400,138.6955062912820,-4723939.024390240,1.996315115860590,41.83449097399210,5.067800000000000,0.0734463768115941,0.9662272128931210,4.0,0.9945,6.626594543457030
JNJ,Johnson & Johnson,2023-11-20,2023-12-20,145.1278791254220,62.44460575164480,0.4114411744935700,0.2577008767247290,150.6672007507550,139.58855750008900,22790290.24390240,2.0121651344429700,29.160665933883300,3001.52630000014,0.9981796807449750,0.0027505052154028,3.0,0.9983,6.547637939453130
JNJ,Johnson & Johnson,2023-12-05,2024-01-04,148.0641222635910,62.86239529148690,0.6479025995255580,0.5291370874496280,153.47485308532200,142.65339144185900,22680927.5,1.876276058735580,42.355515889556800,2976.662100000140,0.9982099597585970,0.0027411860029632,3.0,0.9983,-8.890823364257810
JNJ,Johnson & Johnson,2023-12-20,2024-01-19,150.52406874157100,63.51197535988340,1.2339135555573300,1.056357622959010,154.95647951238800,146.09165797075400,42925780.0,1.9740655235682200,45.15771525096970,142.40200000000000,0.955718120805368,0.1096231610549890,7.0,0.9952,-16.487060546875
JNJ,Johnson & Johnson,2024-01-04,2024-02-03,152.785589391535,58.01563767638740,0.126498570586216,0.0911938780110665,156.99609766283000,148.57508112024000,26792724.390243900,1.924743919462910,15.751050254739400,279.2562999999990,0.7197327319587590,0.5609750348747470,11.0,0.9868,-3.964271545410160
JNJ,Johnson & Johnson,2024-01-19,2024-02-18,153.54493095761300,50.10876092503450,0.8340040209194840,0.8585940568449800,157.01727472643700,150.07258718878800,35144735.0,1.974522817112800,15.2875502151936,131.20040000000000,0.5489556485355660,0.6902406722815900,4.0,0.9868,2.570098876953130
JNJ,Johnson & Johnson,2024-02-03,2024-03-04,152.84566980997700,46.26064203685990,-0.1980178733530960,-0.2329693742794450,156.40950828507400,149.28183133488000,472557.5,1.891813933088160,21.48037662703730,0.0,0.0,0.0,0.0,0.0,5.182144165039060
JNJ,Johnson & Johnson,2024-02-18,2024-03-19,153.32625253850800,53.179827492457300,-0.1932682154777960,-0.2369984091519010,157.30471769195400,149.34778738506100,-28065419.51219510,2.0356527996147300,19.31732048475920,524.6954999999980,0.9574735401459820,0.1330748503918860,5.0,0.9932,6.0608673095703100
JNJ,Johnson & Johnson,2024-03-04,2024-04-03,154.19232079642200,51.163117638411300,0.5746238443351450,0.5997505379483870,158.46268028802200,149.92196130482100,-2194785.0,1.9669382911653000,33.830090629718900,593.6292999999970,0.9422687301587260,0.1989839013468310,11.0,0.9969,3.4121322631835900
JNJ,Johnson & Johnson,2024-03-19,2024-04-18,152.4423868352720,34.32279214391820,-0.4127060170289590,-0.195307086326378,157.54506383417600,147.3397098363680,-12278039.024390200,1.922086207421980,23.708434009997600,6.175900000000000,0.0444309352517985,0.9668327680020220,6.0,0.9969,2.6632080078125
JNJ,Johnson & Johnson,2024-04-03,2024-05-03,148.57206017176300,31.02343032621660,-1.3293901061488700,-1.121879653668890,155.07083919829300,142.07328114523300,-41230430.23255810,2.170936521420900,16.87430357816280,-866.6972000000040,-0.588788858695655,0.5298486072767340,12.0,0.9806,-1.3696441650390600
JNJ,Johnson & Johnson,2024-04-18,2024-05-18,144.95616703033400,41.26253248689360,-0.957512058018458,-0.9369139077696680,150.8938847946410,139.0184492660280,-27127379.06976740,2.0319831137915400,20.65264973143370,-782.5928000000060,-0.5457411436541190,0.5616067235546130,13.0,0.961,0.0422744750976562
JNJ,Johnson & Johnson,2024-05-03,2024-06-02,144.4679316976800,51.406941294722200,-0.6555491783521480,-0.6504758682833700,149.15628988261000,139.77957351274900,-1523345.238095240,2.3546214804440900,24.454536975531700,20.36710000000000,0.9257772727272720,0.007867106433522,2.0,0.961,0.7101974487304690
JNJ,Johnson & Johnson,2024-05-18,2024-06-17,145.23337395407900,49.79560304013060,0.504405962455163,0.5360127272685840,150.551005454045,139.91574245411400,37874241.46341460,2.3526761930319100,26.66219545643970,0.0,0.0,0.0,0.0,0.0,-6.435157775878910
JNJ,Johnson & Johnson,2024-06-02,2024-07-02,144.2767740522110,46.58451417843120,-0.1176911507896810,-0.0811154549346261,148.63773491509000,139.91581318933300,56892565.0,1.9222333355297700,23.860080299162500,7.8296,0.9787,0.0,1.0,0.9787,4.1028594970703100
JNJ,Johnson & Johnson,2024-06-17,2024-07-17,143.35989616394000,50.25571713223450,-0.6647954372978860,-0.6618718977149320,146.0930185844670,140.62677374341400,31633841.025641000,2.170131129597200,27.877968917336100,93.66910000000000,0.975719791666667,0.0151283951894697,4.0,0.9929,6.767425537109380
JNJ,Johnson & Johnson,2024-07-02,2024-08-01,145.05117915760400,61.36421420528050,0.5152417533989830,0.2761858334099890,150.24618984340400,139.85616847180300,39895624.3902439,2.105864831642410,20.869826930784400,186.3611999999990,0.9860380952380910,0.014367835997331,4.0,0.9947,-5.456489562988280